111110100;PO;FP;FR;CO
111110200;PO;FP;FR;CO
111110602;PO;FP;FR;CO
111110603;PO;FP;FR;CO
111110604;PO;FP;FR;CO
111111900;PO;FP;FR;CO
111113000;PO;FP;FR;CO
111115000;PO;FP;FR;CO
111115100;PO;FP;FR;CO
111115200;PO;FP;FR;CO
111115300;PO;FP;FR;CO
111120000;PO;FP;FR;CO
111210100;PO;FP;FR;CO
111210200;PO;FP;FR;CO
111210300;PO;FP;FR;CO
111310100;PO;FP;FR;CO
111310200;PO;FP;FR;CO
111310300;PO;FP;FR;CO
111310400;PO;FP;FR;CO
111310500;PO;FP;FR;CO
111310600;PO;FP;FR;CO
111320101;PO;FP;FR;CO
111320102;PO;FP;FR;CO
112110101;PO;FP
112110102;PO;FP
112110103;PO;FP
112110104;PO;FP
112110105;PO;FP
112110106;PO;FP
112110107;PO;FP
112110108;PO;FP
112110199;PO;FP
112110201;PO;FP
112110202;PO;FP
112110301;PO;FP
112110401;PO;FP
112110502;PO;FP
112110599;PO;FP
112117000;PO;FP
112117100;PO;FP
112119900;PO;FP
112120101;PO;FP
112120102;PO;FP
112120103;PO;FP
112120104;PO;FP
112120105;PO;FP
112120106;PO;FP
112120107;PO;FP
112120108;PO;FP
112120199;PO;FP
112120201;PO;FP
112120202;PO;FP
112120301;PO;FP
112120401;PO;FP
112120502;PO;FP
112120599;PO;FP
112127000;PO;FP
112127100;PO;FP
112129900;PO;FP
112130101;PO;FP
112130102;PO;FP
112130103;PO;FP
112130104;PO;FP
112130105;PO;FP
112130106;PO;FP
112130107;PO;FP
112130108;PO;FP
112130199;PO;FP
112130201;PO;FP
112130202;PO;FP
112130301;PO;FP
112130401;PO;FP
112130599;PO;FP
112137000;PO;FP
112137100;PO;FP
112139900;PO;FP
112140101;PO;FP
112140102;PO;FP
112140103;PO;FP
112140104;PO;FP
112140105;PO;FP
112140106;PO;FP
112140107;PO;FP
112140108;PO;FP
112140199;PO;FP
112140201;PO;FP
112140202;PO;FP
112140301;PO;FP
112140401;PO;FP
112140599;PO;FP
112147000;PO;FP
112147100;PO;FP
112149900;PO;FP
112150101;PO;FP
112150102;PO;FP
112150103;PO;FP
112150104;PO;FP
112150105;PO;FP
112150106;PO;FP
112150107;PO;FP
112150108;PO;FP
112150199;PO;FP
112150201;PO;FP
112150202;PO;FP
112150301;PO;FP
112150401;PO;FP
112150599;PO;FP
112157000;PO;FP
112157100;PO;FP
112159900;PO;FP
112210100;PO;FP
112210300;PO;FP
112220100;PO;FP
112220300;PO;FP
112230100;PO;FP
112230300;PO;FP
112240100;PO;FP
112240300;PO;FP
112250100;PO;FP
112250300;PO;FP
112310100;PO;FP
112310200;PO;FP
112319900;PO;FP
112320000;PO;FP
112330101;PO;FP
112330102;PO;FP
112330103;PO;FP
112330104;PO;FP
112330105;PO;FP
112330201;PO;FP
112330202;PO;FP
112330203;PO;FP
112330300;PO;FP
112330400;PO;FP
112330501;PO;FP
112330701;PO;FP
112330799;PO;FP
112330800;PO;FP
112339900;PO;FP
112340101;PO;FP
112340102;PO;FP
112340199;PO;FP
112340300;PO;FP
112340701;PO;FP
112340799;PO;FP
112340800;PO;FP
112349900;PO;FP
112350000;PO;FP
112410101;PO;FP
112410201;PO;FP
112410301;PO;FP
112410302;PO;FP
112410701;PO;FP
112410702;PO;FP
112410703;PO;FP
112410704;PO;FP
112410705;PO;FP
112410706;PO;FP
112410707;PO;FP
112410708;PO;FP
112419900;PO;FP
112420101;PO;FP
112420201;PO;FP
112420301;PO;FP
112420302;PO;FP
112420701;PO;FP
112420702;PO;FP
112420703;PO;FP
112420704;PO;FP
112429900;PO;FP
112430101;PO;FP
112430201;PO;FP
112430301;PO;FP
112430302;PO;FP
112430701;PO;FP
112430702;PO;FP
112430703;PO;FP
112430704;PO;FP
112439900;PO;FP
112440101;PO;FP
112440201;PO;FP
112440301;PO;FP
112440302;PO;FP
112440701;PO;FP
112440702;PO;FP
112440703;PO;FP
112440704;PO;FP
112440801;PO;FP
112440802;PO;FP
112449900;PO;FP
112450101;PO;FP
112450201;PO;FP
112450301;PO;FP
112450302;PO;FP
112450701;PO;FP
112450702;PO;FP
112450703;PO;FP
112450704;PO;FP
112450801;PO;FP
112450802;PO;FP
112459900;PO;FP
112510101;PO;FP
112510102;PO;FP
112510103;PO;FP
112510104;PO;FP
112510105;PO;FP
112510106;PO;FP
112510107;PO;FP
112510108;PO;FP
112510199;PO;FP
112510201;PO;FP
112510202;PO;FP
112510301;PO;FP
112510401;PO;FP
112510500;PO;FP
112510600;PO;FP
112519900;PO;FP
112520101;PO;FP
112520102;PO;FP
112520103;PO;FP
112520104;PO;FP
112520105;PO;FP
112520106;PO;FP
112520107;PO;FP
112520108;PO;FP
112520199;PO;FP
112520201;PO;FP
112520202;PO;FP
112520301;PO;FP
112520401;PO;FP
112529900;PO;FP
112530101;PO;FP
112530102;PO;FP
112530103;PO;FP
112530104;PO;FP
112530105;PO;FP
112530106;PO;FP
112530107;PO;FP
112530108;PO;FP
112530199;PO;FP
112530201;PO;FP
112530202;PO;FP
112530301;PO;FP
112530401;PO;FP
112539900;PO;FP
112540101;PO;FP
112540102;PO;FP
112540103;PO;FP
112540104;PO;FP
112540105;PO;FP
112540106;PO;FP
112540107;PO;FP
112540108;PO;FP
112540199;PO;FP
112540201;PO;FP
112540202;PO;FP
112540301;PO;FP
112540401;PO;FP
112549900;PO;FP
112550101;PO;FP
112550102;PO;FP
112550103;PO;FP
112550104;PO;FP
112550105;PO;FP
112550106;PO;FP
112550107;PO;FP
112550108;PO;FP
112550199;PO;FP
112550201;PO;FP
112550202;PO;FP
112550301;PO;FP
112550401;PO;FP
112559900;PO;FP
112610201;PO;FP
112610202;PO;FP
112610203;PO;FP
112610299;PO;FP
112610300;PO;FP
112610400;PO;FP
112619900;PO;FP
112620201;PO;FP
112620202;PO;FP
112620203;PO;FP
112620299;PO;FP
112620300;PO;FP
112620400;PO;FP
112629900;PO;FP
112630201;PO;FP
112630202;PO;FP
112630203;PO;FP
112630299;PO;FP
112630300;PO;FP
112630400;PO;FP
112639900;PO;FP
112640201;PO;FP
112640202;PO;FP
112640203;PO;FP
112640299;PO;FP
112640300;PO;FP
112640400;PO;FP
112649900;PO;FP
112650201;PO;FP
112650202;PO;FP
112650203;PO;FP
112650299;PO;FP
112650300;PO;FP
112650400;PO;FP
112659900;PO;FP
112910101;PO;FP
112910102;PO;FP
112910103;PO;FP
112910104;PO;FP
112910170;PO;FP
112910199;PO;FP
112910201;PO;FP
112910301;PO;FP
112910302;PO;FP
112910399;PO;FP
112910401;PO;FP
112910402;PO;FP
112910403;PO;FP
112910404;PO;FP
112910499;PO;FP
112910500;PO;FP
112910701;PO;FP
112910702;PO;FP
112910703;PO;FP
112910704;PO;FP
112919900;PO;FP
112920101;PO;FP
112920102;PO;FP
112920103;PO;FP
112920104;PO;FP
112920170;PO;FP
112920199;PO;FP
112920201;PO;FP
112920301;PO;FP
112920302;PO;FP
112920399;PO;FP
112920401;PO;FP
112920402;PO;FP
112920403;PO;FP
112920404;PO;FP
112920500;PO;FP
112920700;PO;FP
112929900;PO;FP
112930101;PO;FP
112930102;PO;FP
112930103;PO;FP
112930104;PO;FP
112930170;PO;FP
112930199;PO;FP
112930201;PO;FP
112930301;PO;FP
112930302;PO;FP
112930399;PO;FP
112930401;PO;FP
112930402;PO;FP
112930403;PO;FP
112930404;PO;FP
112930500;PO;FP
112930700;PO;FP
112939900;PO;FP
112940101;PO;FP
112940102;PO;FP
112940103;PO;FP
112940104;PO;FP
112940170;PO;FP
112940199;PO;FP
112940201;PO;FP
112940301;PO;FP
112940302;PO;FP
112940399;PO;FP
112940401;PO;FP
112940402;PO;FP
112940403;PO;FP
112940404;PO;FP
112940500;PO;FP
112940700;PO;FP
112949900;PO;FP
112950101;PO;FP
112950102;PO;FP
112950103;PO;FP
112950104;PO;FP
112950170;PO;FP
112950199;PO;FP
112950201;PO;FP
112950301;PO;FP
112950302;PO;FP
112950399;PO;FP
112950401;PO;FP
112950402;PO;FP
112950403;PO;FP
112950404;PO;FP
112950500;PO;FP
112950700;PO;FP
112959900;PO;FP
113110101;PO;FP;FR;CO
113110102;PO;FP;FR;CO
113110103;PO;FP;FR;CO
113110104;PO;FP;FR;CO
113110105;PO;FP;FR;CO
113110199;PO;FP;FR;CO
113110200;PO;FP;FR;CO
113110300;PO;FP;FR;CO
113110400;PO;FP;FR;CO
113119900;PO;FP;FR;CO
113120000;PO;FP;FR;CO
113130000;PO;FP;FR;CO
113140000;PO;FP;FR;CO
113150000;PO;FP;FR;CO
113210100;PO;FP;FR;CO
113210200;PO;FP;FR;CO
113210300;PO;FP;FR;CO
113210400;PO;FP;FR;CO
113210500;PO;FP;FR;CO
113210600;PO;FP;FR;CO
113210700;PO;FP;FR;CO
113210800;PO;FP;FR;CO
113210900;PO;FP;FR;CO
113211000;PO;FP;FR;CO
113211100;PO;FP;FR;CO
113211200;PO;FP;FR;CO
113211300;PO;FP;FR;CO
113211400;PO;FP;FR;CO
113219900;PO;FP;FR;CO
113220100;PO;FP;FR;CO
113220200;PO;FP;FR;CO
113220300;PO;FP;FR;CO
113220400;PO;FP;FR;CO
113220500;PO;FP;FR;CO
113220600;PO;FP;FR;CO
113220700;PO;FP;FR;CO
113220800;PO;FP;FR;CO
113220900;PO;FP;FR;CO
113221000;PO;FP;FR;CO
113221100;PO;FP;FR;CO
113221200;PO;FP;FR;CO
113221300;PO;FP;FR;CO
113221400;PO;FP;FR;CO
113229900;PO;FP;FR;CO
113230100;PO;FP;FR;CO
113230200;PO;FP;FR;CO
113230300;PO;FP;FR;CO
113230400;PO;FP;FR;CO
113230500;PO;FP;FR;CO
113230600;PO;FP;FR;CO
113230700;PO;FP;FR;CO
113230800;PO;FP;FR;CO
113239900;PO;FP;FR;CO
113240100;PO;FP;FR;CO
113240200;PO;FP;FR;CO
113240300;PO;FP;FR;CO
113249900;PO;FP;FR;CO
113250100;PO;FP;FR;CO
113250200;PO;FP;FR;CO
113250300;PO;FP;FR;CO
113250400;PO;FP;FR;CO
113259900;PO;FP;FR;CO
113310100;PO;FP
113320000;PO;FP
113330000;PO;FP
113340000;PO;FP
113350000;PO;FP
113410101;PO;FP
113410102;PO;FP
113410103;PO;FP
113410104;PO;FP
113410105;PO;FP
113410106;PO;FP
113410107;PO;FP
113410108;PO;FP
113410109;PO;FP
113410199;PO;FP
113410201;PO;FP
113410202;PO;FP
113410203;PO;FP
113410204;PO;FP
113410205;PO;FP
113410206;PO;FP
113410207;PO;FP
113410208;PO;FP
113410209;PO;FP
113410210;PO;FP
113410211;PO;FP
113410212;PO;FP
113410213;PO;FP
113410214;PO;FP
113410215;PO;FP
113410299;PO;FP
113410300;PO;FP
113419900;PO;FP
113420000;PO;FP
113430000;PO;FP
113440000;PO;FP
113450000;PO;FP
113510100;PO;FP;FR;CO
113510200;PO;FP;FR;CO
113510300;PO;FP;FR;CO
113510400;PO;FP;FR;CO
113510500;PO;FP;FR;CO
113510600;PO;FP;FR;CO
113510700;PO;FP;FR;CO
113510802;PO;FP;FR;CO
113519900;PO;FP;FR;CO
113520000;PO;FP;FR;CO
113530000;PO;FP;FR;CO
113540000;PO;FP;FR;CO
113550000;PO;FP;FR;CO
113610101;PO;FP
113610102;PO;FP
113610201;PO;FP
113610202;PO;FP
113610301;PO;FP
113610401;PO;FP
113619900;PO;FP
113620101;PO;FP
113620102;PO;FP
113620103;PO;FP
113620104;PO;FP
113620201;PO;FP
113620202;PO;FP
113620203;PO;FP
113620204;PO;FP
113620301;PO;FP;FR;CO
113620302;PO;FP;FR;CO
113620303;PO;FP;FR;CO
113620304;PO;FP;FR;CO
113620400;PO;FP
113620500;PO;FP
113620600;PO;FP
113629901;PO;FP
113629902;PO;FP
113629999;PO;FP
113630100;PO;FP;FR;CO
113630200;PO;FP
113630301;PO;FP;FR;CO
113630302;PO;FP;FR;CO
113630303;PO;FP;FR;CO
113630304;PO;FP;FR;CO
113639901;PO;FP
113639902;PO;FP
113639999;PO;FP
113640100;PO;FP;FR;CO
113640200;PO;FP
113640301;PO;FP;FR;CO
113640302;PO;FP;FR;CO
113640303;PO;FP;FR;CO
113640304;PO;FP;FR;CO
113640305;PO;FP;FR;CO
113640306;PO;FP;FR;CO
113649901;PO;FP
113649902;PO;FP
113649999;PO;FP
113650100;PO;FP;FR;CO
113650200;PO;FP
113650301;PO;FP;FR;CO
113650302;PO;FP;FR;CO
113650303;PO;FP;FR;CO
113659901;PO;FP
113659902;PO;FP
113659999;PO;FP
113810100;PO;FP
113810200;PO;FP
113810300;PO;FP
113810400;PO;FP
113810600;PO;FP;FR;CO
113810700;PO;FP
113810800;PO;FP;FR;CO
113810900;PO;FP;FR;CO
113811000;PO;FP;FR;CO
113811100;PO;FP;FR;CO
113811200;PO;FP
113811300;PO;FP
113811400;PO;FP
113811500;PO;FP
113811600;PO;FP
113811700;PO;FP;FR;CO
113811800;PO;FP
113812000;PO;FP
113812700;PO;FP
113812800;PO;FP
113812900;PO;FP
113813100;PO;FP
113813200;PO;FP
113813300;PO;FP
113819900;PO;FP;FR;CO
113821700;PO;FP;FR;CO
113829900;PO;FP;FR;CO
113830000;PO;FP;FR;CO
113840000;PO;FP;FR;CO
113850000;PO;FP;FR;CO
113910300;PO;FP
113910401;PO;FP
113910402;PO;FP
113910403;PO;FP
113919900;PO;FP
113920000;PO;FP
113930000;PO;FP
113940000;PO;FP
113950000;PO;FP
114110100;PO;FP;FR;CO
114110200;PO;FP;FR;CO
114110300;PO;FP;FR;CO
114110400;PO;FP;FR;CO
114119900;PO;FP;FR;CO
114210000;PO;FP;FR;CO
114310000;PO;FP;FR;CO
114410101;PO;FP;FR;CO
114410102;PO;FP;FR;CO
114410103;PO;FP;FR;CO
114410104;PO;FP;FR;CO
114410105;PO;FP;FR;CO
114410106;PO;FP;FR;CO
114410107;PO;FP;FR;CO
114410108;PO;FP;FR;CO
114410109;PO;FP;FR;CO
114410201;PO;FP;FR;CO
114410202;PO;FP;FR;CO
114410301;PO;FP;FR;CO
114410302;PO;FP;FR;CO
114410303;PO;FP;FR;CO
114410401;PO;FP;FR;CO
114410402;PO;FP;FR;CO
114410403;PO;FP;FR;CO
114410500;PO;FP;FR;CO
114410600;PO;FP;FR;CO
114410700;PO;FP;FR;CO
114411101;PO;FP;FR;CO
114411102;PO;FP;FR;CO
114411103;PO;FP;FR;CO
114411104;PO;FP;FR;CO
114411105;PO;FP;FR;CO
114411106;PO;FP;FR;CO
114411107;PO;FP;FR;CO
114411108;PO;FP;FR;CO
114411109;PO;FP;FR;CO
114411201;PO;FP;FR;CO
114411202;PO;FP;FR;CO
114411301;PO;FP;FR;CO
114411302;PO;FP;FR;CO
114411303;PO;FP;FR;CO
114411401;PO;FP;FR;CO
114411402;PO;FP;FR;CO
114411403;PO;FP;FR;CO
114411500;PO;FP;FR;CO
114411600;PO;FP;FR;CO
114411700;PO;FP;FR;CO
114413000;PO;FP;FR;CO
114419900;PO;FP;FR;CO
114910100;PO;FP;FR;CO
114910200;PO;FP
114910300;PO;FP
114910400;PO;FP
114910500;PO;FP;FR;CO
114910600;PO;FP;FR;CO
114910700;PO;FP;FR;CO
114910800;PO;FP;FR;CO
114910900;PO;FP;FR;CO
114919900;PO;FP
115110100;PO;FP
115110200;PO;FP
115110300;PO;FP
115119900;PO;FP
115210100;PO;FP
115210200;PO;FP
115310100;PO;FP
115310200;PO;FP
115410100;PO;FP
115410200;PO;FP
115510100;PO;FP
115610100;PO;FP
115610200;PO;FP
115610300;PO;FP
115610400;PO;FP
115610500;PO;FP
115610600;PO;FP
115610700;PO;FP
115610800;PO;FP
115610900;PO;FP
115619900;PO;FP
115810000;PO;FP
115910100;PO;FP
115910200;PO;FP
116110000;PO;FP
116120000;PO;FP
116130000;PO;FP
116140000;PO;FP
116150000;PO;FP
116210000;PO;FP
116310000;PO;FP
116910000;PO;FP
116920000;PO;FP
116930000;PO;FP
116940000;PO;FP
116950000;PO;FP
117110000;PO;FP
119110100;PO;FP
119110200;PO;FP
119119900;PO;FP
119120000;PO;FP
119130000;PO;FP
119140000;PO;FP
119150000;PO;FP
119210000;PO;FP
119220000;PO;FP
119230000;PO;FP
119240000;PO;FP
119250000;PO;FP
119310000;PO;FP
119320000;PO;FP
119330000;PO;FP
119340000;PO;FP
119350000;PO;FP
119410000;PO;FP
119420000;PO;FP
119430000;PO;FP
119440000;PO;FP
119450000;PO;FP
119510000;PO;FP
119520000;PO;FP
119530000;PO;FP
119540000;PO;FP
119550000;PO;FP
119610000;PO;FP
119620000;PO;FP
119630000;PO;FP
119640000;PO;FP
119650000;PO;FP
119710000;PO;FP
119720000;PO;FP
119730000;PO;FP
119740000;PO;FP
119750000;PO;FP
119810000;PO;FP
119820000;PO;FP
119830000;PO;FP
119840000;PO;FP
119850000;PO;FP
119910000;PO;FP
119920000;PO;FP
119930000;PO;FP
119940000;PO;FP
119950000;PO;FP
121110101;PO;FP
121110102;PO;FP
121110103;PO;FP
121110104;PO;FP
121110105;PO;FP
121110170;PO;FP
121110171;PO;FP
121110199;PO;FP
121110201;PO;FP
121110301;PO;FP
121110302;PO;FP
121110303;PO;FP
121110304;PO;FP
121110305;PO;FP
121110306;PO;FP
121110307;PO;FP
121110308;PO;FP
121110309;PO;FP
121110310;PO;FP
121110311;PO;FP
121110312;PO;FP
121110399;PO;FP
121110401;PO;FP
121110402;PO;FP
121110403;PO;FP
121110404;PO;FP
121110406;PO;FP
121110407;PO;FP
121110501;PO;FP
121110502;PO;FP
121110503;PO;FP
121110504;PO;FP
121110601;PO;FP
121110603;PO;FP
121110700;PO;FP
121119700;PO;FP
121119901;PO;FP
121119902;PO;FP
121119903;PO;FP
121119904;PO;FP
121119905;PO;FP
121119906;PO;FP
121119907;PO;FP
121119999;PO;FP
121120100;PO;FP
121120200;PO;FP
121120300;PO;FP
121120400;PO;FP
121120500;PO;FP
121120601;PO;FP
121120602;PO;FP
121120603;PO;FP
121120604;PO;FP
121120605;PO;FP
121120606;PO;FP
121120607;PO;FP
121120608;PO;FP
121120609;PO;FP
121120610;PO;FP
121120696;PO;FP
121120697;PO;FP
121120698;PO;FP
121120699;PO;FP
121120700;PO;FP
121120801;PO;FP
121120802;PO;FP
121120803;PO;FP
121120899;PO;FP
121129700;PO;FP
121129901;PO;FP
121129902;PO;FP
121129903;PO;FP
121129904;PO;FP
121129905;PO;FP
121129999;PO;FP
121130100;PO;FP
121130200;PO;FP
121130300;PO;FP
121130400;PO;FP
121130500;PO;FP
121130601;PO;FP
121130602;PO;FP
121130603;PO;FP
121130604;PO;FP
121130605;PO;FP
121130698;PO;FP
121130699;PO;FP
121130700;PO;FP
121139700;PO;FP
121139901;PO;FP
121139902;PO;FP
121139903;PO;FP
121139904;PO;FP
121139905;PO;FP
121139999;PO;FP
121140100;PO;FP
121140200;PO;FP
121140301;PO;FP
121140302;PO;FP
121140303;PO;FP
121140304;PO;FP
121140305;PO;FP
121140306;PO;FP
121140307;PO;FP
121140308;PO;FP
121140309;PO;FP
121140310;PO;FP
121140311;PO;FP
121140312;PO;FP
121140313;PO;FP
121140314;PO;FP
121140399;PO;FP
121140400;PO;FP
121140500;PO;FP
121140601;PO;FP
121140602;PO;FP
121140603;PO;FP
121140604;PO;FP
121140605;PO;FP
121140698;PO;FP
121140699;PO;FP
121140700;PO;FP
121149700;PO;FP
121149901;PO;FP
121149902;PO;FP
121149903;PO;FP
121149904;PO;FP
121149905;PO;FP
121149999;PO;FP
121150100;PO;FP
121150200;PO;FP
121150301;PO;FP
121150302;PO;FP
121150303;PO;FP
121150304;PO;FP
121150305;PO;FP
121150306;PO;FP
121150307;PO;FP
121150308;PO;FP
121150309;PO;FP
121150310;PO;FP
121150399;PO;FP
121150400;PO;FP
121150500;PO;FP
121150601;PO;FP
121150602;PO;FP
121150603;PO;FP
121150604;PO;FP
121150605;PO;FP
121150698;PO;FP
121150699;PO;FP
121150700;PO;FP
121159700;PO;FP
121159901;PO;FP
121159902;PO;FP
121159903;PO;FP
121159904;PO;FP
121159905;PO;FP
121159999;PO;FP
121210101;PO;FP;FR;CO
121210199;PO;FP;FR;CO
121210201;PO;FP
121210202;PO;FP
121210203;PO;FP
121210204;PO;FP
121210205;PO;FP
121210206;PO;FP
121210207;PO;FP
121210208;PO;FP
121210209;PO;FP
121210210;PO;FP
121210211;PO;FP
121210212;PO;FP
121210213;PO;FP
121210214;PO;FP
121210299;PO;FP
121210300;PO;FP
121210401;PO;FP
121210403;PO;FP
121210404;PO;FP
121210405;PO;FP
121210406;PO;FP
121210407;PO;FP
121210408;PO;FP
121210409;PO;FP
121210410;PO;FP
121210499;PO;FP
121210501;PO;FP
121210502;PO;FP
121210503;PO;FP
121210504;PO;FP
121210505;PO;FP
121210506;PO;FP
121210507;PO;FP
121210508;PO;FP
121210509;PO;FP
121210510;PO;FP
121210511;PO;FP
121210512;PO;FP
121210513;PO;FP
121210514;PO;FP
121210515;PO;FP
121210599;PO;FP
121210601;PO;FP;FR;CO
121210602;PO;FP;FR;CO
121210603;PO;FP;FR;CO
121210604;PO;FP;FR;CO
121210605;PO;FP;FR;CO
121210606;PO;FP;FR;CO
121210607;PO;FP;FR;CO
121210699;PO;FP;FR;CO
121210700;PO;FP
121210900;PO;FP;FR;CO
121219801;PO;FP
121219802;PO;FP
121219803;PO;FP
121219804;PO;FP
121219805;PO;FP
121219806;PO;FP
121219807;PO;FP
121219808;PO;FP
121219809;PO;FP
121219899;PO;FP
121219901;PO;FP
121219902;PO;FP
121219903;PO;FP
121219907;PO;FP
121219998;PO;FP
121220000;PO;FP;FR;CO
121230000;PO;FP;FR;CO
121240000;PO;FP;FR;CO
121250000;PO;FP;FR;CO
121310101;PO;FP;FR;CO
121310102;PO;FP;FR;CO
121310103;PO;FP;FR;CO
121310109;PO;FP;FR;CO
121310199;PO;FP;FR;CO
121310201;PO;FP;FR;CO
121310202;PO;FP;FR;CO
121310300;PO;FP;FR;CO
121310400;PO;FP;FR;CO
121310801;PO;FP;FR;CO
121319800;PO;FP;FR;CO
121319901;PO;FP;FR;CO
121319902;PO;FP;FR;CO
121319903;PO;FP;FR;CO
121319904;PO;FP;FR;CO
121319999;PO;FP;FR;CO
121410100;PO;FP
121410200;PO;FP
121410300;PO;FP
121410400;PO;FP
121410500;PO;FP
121410600;PO;FP
121410700;PO;FP
121419800;PO;FP
121419900;PO;FP
121510000;PO;FP
121910100;PO;FP
121910200;PO;FP
121910300;PO;FP
121910400;PO;FP
121910500;PO;FP
121910600;PO;FP
121910700;PO;FP
121919900;PO;FP
121920000;PO;FP
121930000;PO;FP
121940000;PO;FP
121950000;PO;FP
122110101;PO;FP
122110102;PO;FP
122110103;PO;FP
122110104;PO;FP
122110105;PO;FP
122110106;PO;FP
122110107;PO;FP
122110108;PO;FP
122110109;PO;FP
122110195;PO;FP
122110196;PO;FP
122110197;PO;FP
122110198;PO;FP
122110199;PO;FP
122110201;PO;FP
122110203;PO;FP
122110205;PO;FP
122110206;PO;FP
122110299;PO;FP
122120101;PO;FP
122120102;PO;FP
122120103;PO;FP
122120104;PO;FP
122120105;PO;FP
122120106;PO;FP
122120107;PO;FP
122120108;PO;FP
122120109;PO;FP
122120195;PO;FP
122120196;PO;FP
122120197;PO;FP
122120198;PO;FP
122120199;PO;FP
122120201;PO;FP
122120203;PO;FP
122120205;PO;FP
122120206;PO;FP
122120299;PO;FP
122130101;PO;FP
122130102;PO;FP
122130103;PO;FP
122130104;PO;FP
122130105;PO;FP
122130106;PO;FP
122130107;PO;FP
122130108;PO;FP
122130109;PO;FP
122130195;PO;FP
122130196;PO;FP
122130197;PO;FP
122130198;PO;FP
122130199;PO;FP
122130201;PO;FP
122130203;PO;FP
122130205;PO;FP
122130206;PO;FP
122130299;PO;FP
122140101;PO;FP
122140102;PO;FP
122140103;PO;FP
122140104;PO;FP
122140105;PO;FP
122140106;PO;FP
122140107;PO;FP
122140108;PO;FP
122140109;PO;FP
122140195;PO;FP
122140196;PO;FP
122140197;PO;FP
122140198;PO;FP
122140199;PO;FP
122140201;PO;FP
122140203;PO;FP
122140205;PO;FP
122140206;PO;FP
122140299;PO;FP
122150101;PO;FP
122150102;PO;FP
122150103;PO;FP
122150104;PO;FP
122150105;PO;FP
122150106;PO;FP
122150107;PO;FP
122150108;PO;FP
122150109;PO;FP
122150195;PO;FP
122150196;PO;FP
122150197;PO;FP
122150198;PO;FP
122150199;PO;FP
122150201;PO;FP
122150203;PO;FP
122150205;PO;FP
122150206;PO;FP
122150299;PO;FP
122210101;PO;FP
122210102;PO;FP
122210199;PO;FP
122210201;PO;FP
122210202;PO;FP
122210299;PO;FP
122219900;PO;FP
122310101;PO;FP;FR;CO
122310102;PO;FP;FR;CO
122310202;PO;FP;FR;CO
122310203;PO;FP;FR;CO
122310204;PO;FP;FR;CO
122310205;PO;FP;FR;CO
122310206;PO;FP;FR;CO
122310207;PO;FP;FR;CO
122310299;PO;FP;FR;CO
122310300;PO;FP;FR;CO
122310400;PO;FP;FR;CO
122310500;PO;FP;FR;CO
122710100;PO;FP
122710200;PO;FP
122710300;PO;FP
122710400;PO;FP
122719900;PO;FP
122810101;PO;FP
122810102;PO;FP
122810199;PO;FP
122819900;PO;FP
122910101;PO;FP
122910102;PO;FP
122910201;PO;FP
122910202;PO;FP
122910300;PO;FP
122910500;PO;FP
122919900;PO;FP
122920100;PO;FP
122929900;PO;FP
122930100;PO;FP
122939900;PO;FP
122940100;PO;FP
122949900;PO;FP
122950100;PO;FP
122959900;PO;FP
123110101;PO;FP
123110102;PO;FP
123110103;PO;FP
123110104;PO;FP
123110105;PO;FP
123110106;PO;FP
123110107;PO;FP
123110108;PO;FP
123110109;PO;FP
123110110;PO;FP
123110111;PO;FP
123110112;PO;FP
123110113;PO;FP
123110114;PO;FP
123110115;PO;FP
123110116;PO;FP
123110117;PO;FP
123110118;PO;FP
123110119;PO;FP
123110120;PO;FP
123110121;PO;FP
123110199;PO;FP
123110201;PO;FP
123110202;PO;FP
123110301;PO;FP
123110302;PO;FP
123110303;PO;FP
123110304;PO;FP
123110401;PO;FP
123110402;PO;FP
123110403;PO;FP
123110404;PO;FP
123110405;PO;FP
123110406;PO;FP
123110499;PO;FP
123110501;PO;FP
123110502;PO;FP
123110503;PO;FP
123110504;PO;FP
123110505;PO;FP
123110506;PO;FP
123110600;PO;FP
123110701;PO;FP
123110702;PO;FP
123110704;PO;FP
123110801;PO;FP
123110803;PO;FP
123110805;PO;FP
123110900;PO;FP
123111000;PO;FP
123111100;PO;FP
123119901;PO;FP
123119902;PO;FP
123119908;PO;FP
123119999;PO;FP
123210101;PO;FP
123210102;PO;FP
123210103;PO;FP
123210104;PO;FP
123210105;PO;FP
123210106;PO;FP
123210107;PO;FP
123210108;PO;FP
123210109;PO;FP
123210110;PO;FP
123210111;PO;FP
123210112;PO;FP
123210113;PO;FP
123210114;PO;FP
123210115;PO;FP
123210116;PO;FP
123210117;PO;FP
123210118;PO;FP
123210119;PO;FP
123210120;PO;FP
123210121;PO;FP
123210122;PO;FP
123210198;PO;FP
123210401;PO;FP
123210402;PO;FP
123210403;PO;FP
123210404;PO;FP
123210405;PO;FP
123210407;PO;FP
123210408;PO;FP
123210409;PO;FP
123210410;PO;FP
123210411;PO;FP
123210412;PO;FP
123210413;PO;FP
123210414;PO;FP
123210415;PO;FP
123210416;PO;FP
123210417;PO;FP
123210418;PO;FP
123210499;PO;FP
123210501;PO;FP
123210502;PO;FP
123210503;PO;FP
123210504;PO;FP
123210505;PO;FP
123210506;PO;FP
123210507;PO;FP
123210508;PO;FP
123210509;PO;FP
123210510;PO;FP
123210511;PO;FP
123210599;PO;FP
123210601;PO;FP
123210605;PO;FP
123210700;PO;FP
123210800;PO;FP
123210900;PO;FP
123219901;PO;FP
123219902;PO;FP
123219903;PO;FP
123219905;PO;FP
123219906;PO;FP
123219999;PO;FP
123710000;PO;FP
123720000;PO;FP
123730000;PO;FP
123740000;PO;FP
123750000;PO;FP
123810101;PO;FP
123810102;PO;FP
123810103;PO;FP
123810104;PO;FP
123810105;PO;FP
123810106;PO;FP
123810107;PO;FP
123810108;PO;FP
123810109;PO;FP
123810110;PO;FP
123810199;PO;FP
123810201;PO;FP
123810202;PO;FP
123810203;PO;FP
123810204;PO;FP
123810205;PO;FP
123810206;PO;FP
123810299;PO;FP
123810300;PO;FP
123810400;PO;FP
123810500;PO;FP
123810600;PO;FP
123810700;PO;FP
123810800;PO;FP
123810900;PO;FP
123811000;PO;FP
123811100;PO;FP
123811200;PO;FP
123910101;PO;FP
123910102;PO;FP
123910103;PO;FP
123910104;PO;FP
123910105;PO;FP
123910106;PO;FP
123910107;PO;FP
123910108;PO;FP
123910109;PO;FP
123910110;PO;FP
123910199;PO;FP
123910201;PO;FP
123910202;PO;FP
123910203;PO;FP
123910204;PO;FP
123910205;PO;FP
123910206;PO;FP
123910299;PO;FP
123910300;PO;FP
123910400;PO;FP
124110100;PO;FP
124110200;PO;FP
124210100;PO;FP
124210200;PO;FP
124210300;PO;FP
124210400;PO;FP
124210500;PO;FP
124219900;PO;FP
124310000;PO;FP
124410000;PO;FP
124810100;PO;FP
124810200;PO;FP
124810300;PO;FP
124810400;PO;FP
124819900;PO;FP
124910100;PO;FP
124910200;PO;FP
124910300;PO;FP
124910400;PO;FP
124919900;PO;FP
125110000;PO;FP
125210000;PO;FP
125910100;PO;FP
125910200;PO;FP
211110101;PO;FP;FR;CO
211110102;PO;FP;FR;CO
211110103;PO;FP;FR;CO
211110104;PO;FP;FR;CO
211110105;PO;FP;FR;CO
211110199;PO;FP;FR;CO
211110401;PO;FP;FR;CO
211110402;PO;FP;FR;CO
211110403;PO;FP;FR;CO
211110501;PO;FP;FR;CO
211110502;PO;FP;FR;CO
211110503;PO;FP;FR;CO
211110600;PO;FP;FR;CO
211110700;PO;FP;FR;CO
211210100;PO;FP;FR;CO
211210401;PO;FP;FR;CO
211210402;PO;FP;FR;CO
211210403;PO;FP;FR;CO
211210501;PO;FP;FR;CO
211210502;PO;FP;FR;CO
211210503;PO;FP;FR;CO
211210600;PO;FP;FR;CO
211210700;PO;FP;FR;CO
211220501;PO;FP;FR;CO
211220502;PO;FP;FR;CO
211220503;PO;FP;FR;CO
211220504;PO;FP;FR;CO
211220600;PO;FP;FR;CO
211220700;PO;FP;FR;CO
211229900;PO;FP;FR;CO
211230501;PO;FP;FR;CO
211230502;PO;FP;FR;CO
211230503;PO;FP;FR;CO
211230504;PO;FP;FR;CO
211239900;PO;FP;FR;CO
211240501;PO;FP;FR;CO
211240502;PO;FP;FR;CO
211240503;PO;FP;FR;CO
211240504;PO;FP;FR;CO
211240505;PO;FP;FR;CO
211240506;PO;FP;FR;CO
211249900;PO;FP;FR;CO
211250501;PO;FP;FR;CO
211250502;PO;FP;FR;CO
211250503;PO;FP;FR;CO
211259900;PO;FP;FR;CO
211310100;PO;FP;FR;CO
211310301;PO;FP;FR;CO
211310302;PO;FP;FR;CO
211310303;PO;FP;FR;CO
211310401;PO;FP;FR;CO
211310402;PO;FP;FR;CO
211310403;PO;FP;FR;CO
211310500;PO;FP;FR;CO
211410101;PO;FP;FR;CO
211410102;PO;FP;DC;FR
211410103;PO;FP;FR;CO
211410104;PO;FP;FR;CO
211410400;PO;FP;FR;CO
211410500;PO;FP;FR;CO
211410600;PO;FP;DC;FR
211410700;PO;FP;DC;FR
211410800;PO;FP;FR;CO
211410900;PO;FP;FR;CO
211419800;PO;FP;FR;CO
211420100;PO;FP;FR;CO
211420201;PO;FP;DC;FR
211420202;PO;FP;DC;FR
211420300;PO;FP;FR;CO
211429900;PO;FP;FR;CO
211430101;PO;FP;FR;CO
211430102;PO;FP;DC;FR
211430103;PO;FP;FR;CO
211430104;PO;FP;FR;CO
211430301;PO;FP;FR;CO
211430400;PO;FP;FR;CO
211430500;PO;FP;FR;CO
211430600;PO;FP;DC;FR
211430700;PO;FP;DC;FR
211439800;PO;FP;FR;CO
211440301;PO;FP;FR;CO
211440600;PO;FP;DC;FR
211449800;PO;FP;FR;CO
211450301;PO;FP;FR;CO
211450600;PO;FP;DC;FR
211459800;PO;FP;FR;CO
211910000;PO;FP;FR;CO
211920000;PO;FP;FR;CO
212110101;PO;FP;FR;CO
212110102;PO;FP;FR;CO
212110198;PO;FP;FR;CO
212110201;PO;FP;FR;CO
212110205;PO;FP;FR;CO
212110298;PO;FP;FR;CO
212110300;PO;FP;FR;CO
212110400;PO;FP;FR;CO
212120100;PO;FP;FR;CO
212120201;PO;FP;FR;CO
212120299;PO;FP;FR;CO
212129900;PO;FP;FR;CO
212130101;PO;FP;FR;CO
212130102;PO;FP;FR;CO
212130198;PO;FP;FR;CO
212130201;PO;FP;FR;CO
212130205;PO;FP;FR;CO
212130298;PO;FP;FR;CO
212130401;PO;FP;FR;CO
212130501;PO;FP;FR;CO
212139900;PO;FP;FR;CO
212140101;PO;FP;FR;CO
212140102;PO;FP;FR;CO
212140198;PO;FP;FR;CO
212140201;PO;FP;FR;CO
212140205;PO;FP;FR;CO
212140298;PO;FP;FR;CO
212140300;PO;FP;FR;CO
212150101;PO;FP;FR;CO
212150102;PO;FP;FR;CO
212150198;PO;FP;FR;CO
212150201;PO;FP;FR;CO
212150205;PO;FP;FR;CO
212150298;PO;FP;FR;CO
212150300;PO;FP;FR;CO
212210100;PO;FP;FR;CO
212210200;PO;FP;FR;CO
212210300;PO;FP;FR;CO
212310101;PO;FP;DC;FR
212310102;PO;FP;DC;FR
212310103;PO;FP;DC;FR
212310198;PO;FP;DC;FR
212310200;PO;FP;DC;FR
212320000;PO;FP;DC;FR
212330101;PO;FP;DC;FR
212330102;PO;FP;DC;FR
212330103;PO;FP;DC;FR
212330198;PO;FP;DC;FR
212330200;PO;FP;DC;FR
212340101;PO;FP;DC;FR
212340102;PO;FP;DC;FR
212340103;PO;FP;DC;FR
212340198;PO;FP;DC;FR
212340200;PO;FP;DC;FR
212350000;PO;FP;DC;FR
212410101;PO;FP;DC;FR
212410102;PO;FP;DC;FR
212410198;PO;FP;DC;FR
212410200;PO;FP;DC;FR
212510100;PO;FP;FR;CO
212510200;PO;FP;FR;CO
212510300;PO;FP;DC;FR
212510400;PO;FP;DC;FR
212520100;PO;FP;FR;CO
212520200;PO;FP;FR;CO
212520300;PO;FP;DC;FR
212520400;PO;FP;DC;FR
212530101;PO;FP;FR;CO
212530199;PO;FP;FR;CO
212530201;PO;FP;FR;CO
212530299;PO;FP;FR;CO
212530300;PO;FP;DC;FR
212530400;PO;FP;DC;FR
212540100;PO;FP;FR;CO
212540200;PO;FP;FR;CO
212540300;PO;FP;DC;FR
212540400;PO;FP;DC;FR
212550100;PO;FP;FR;CO
212550200;PO;FP;FR;CO
212550300;PO;FP;DC;FR
212550400;PO;FP;DC;FR
212610100;PO;FP;FR;CO
212610200;PO;FP;FR;CO
212610300;PO;FP;DC;FR
212610400;PO;FP;DC;FR
212810100;PO;FP;FR;CO
212810200;PO;FP;DC;FR
212820100;PO;FP;FR;CO
212820200;PO;FP;FR;CO
212830100;PO;FP;FR;CO
212830200;PO;FP;DC;FR
212840100;PO;FP;FR;CO
212840200;PO;FP;DC;FR
212850000;PO;FP;FR;CO
212910100;PO;FP;FR;CO
212910200;PO;FP;DC;FR
213110101;PO;FP;FR;CO
213110102;PO;FP;DC;FR
213110103;PO;FP;DC;FR
213110199;PO;FP;FR;CO
213110301;PO;FP;FR;CO
213110302;PO;FP;DC;FR
213110303;PO;FP;DC;FR
213110399;PO;FP;FR;CO
213110501;PO;FP;FR;CO
213110502;PO;FP;FR;CO
213110503;PO;FP;FR;CO
213110601;PO;FP;FR;CO
213110602;PO;FP;FR;CO
213110603;PO;FP;FR;CO
213110701;PO;FP;FR;CO
213110702;PO;FP;FR;CO
213110703;PO;FP;FR;CO
213110801;PO;FP;FR;CO
213110802;PO;FP;FR;CO
213110803;PO;FP;FR;CO
213110900;PO;FP;FR;CO
213111000;PO;FP;FR;CO
213111100;PO;FP;FR;CO
213120000;PO;FP;FR;CO
213130000;PO;FP;FR;CO
213140000;PO;FP;FR;CO
213150000;PO;FP;FR;CO
213210101;PO;FP;FR;CO
213210102;PO;FP;DC;FR
213210103;PO;FP;DC;FR
213210199;PO;FP;FR;CO
213210201;PO;FP;FR;CO
213210202;PO;FP;DC;FR
213210203;PO;FP;DC;FR
213210299;PO;FP;FR;CO
214110100;PO;FP;FR;CO
214110200;PO;FP;FR;CO
214110300;PO;FP;FR;CO
214110400;PO;FP;FR;CO
214110500;PO;FP;FR;CO
214110600;PO;FP;FR;CO
214110800;PO;FP;FR;CO
214110900;PO;FP;FR;CO
214111000;PO;FP;FR;CO
214111100;PO;FP;FR;CO
214111200;PO;FP;DC;FR
214111300;PO;FP;FR;CO
214119900;PO;FP;FR;CO
214120100;PO;FP;FR;CO
214120200;PO;FP;FR;CO
214120300;PO;FP;FR;CO
214120400;PO;FP;FR;CO
214120500;PO;FP;FR;CO
214120600;PO;FP;FR;CO
214120800;PO;FP;FR;CO
214120900;PO;FP;FR;CO
214121000;PO;FP;FR;CO
214121100;PO;FP;FR;CO
214121200;PO;FP;DC;FR
214121300;PO;FP;FR;CO
214129900;PO;FP;FR;CO
214130100;PO;FP;FR;CO
214130200;PO;FP;FR;CO
214130300;PO;FP;FR;CO
214130400;PO;FP;FR;CO
214130500;PO;FP;FR;CO
214130600;PO;FP;FR;CO
214130800;PO;FP;FR;CO
214130900;PO;FP;FR;CO
214131000;PO;FP;FR;CO
214131100;PO;FP;FR;CO
214131200;PO;FP;DC;FR
214131300;PO;FP;FR;CO
214139900;PO;FP;FR;CO
214210101;PO;FP;FR;CO
214210102;PO;FP;FR;CO
214210200;PO;FP;FR;CO
214210300;PO;FP;DC;FR
214210400;PO;FP;FR;CO
214210500;PO;FP;FR;CO
214210600;PO;FP;FR;CO
214210700;PO;FP;FR;CO
214210800;PO;FP;FR;CO
214219900;PO;FP;FR;CO
214220101;PO;FP;FR;CO
214220102;PO;FP;FR;CO
214220200;PO;FP;FR;CO
214220300;PO;FP;DC;FR
214220400;PO;FP;FR;CO
214220500;PO;FP;FR;CO
214220600;PO;FP;FR;CO
214220700;PO;FP;FR;CO
214220800;PO;FP;FR;CO
214229900;PO;FP;FR;CO
214240101;PO;FP;FR;CO
214240102;PO;FP;FR;CO
214240200;PO;FP;FR;CO
214240300;PO;FP;DC;FR
214240400;PO;FP;FR;CO
214240500;PO;FP;FR;CO
214240600;PO;FP;FR;CO
214240700;PO;FP;FR;CO
214240800;PO;FP;FR;CO
214249900;PO;FP;FR;CO
214310100;PO;FP;FR;CO
214310200;PO;FP;FR;CO
214310300;PO;FP;DC;FR
214310400;PO;FP;FR;CO
214310600;PO;FP;FR;CO
214310700;PO;FP;FR;CO
214310800;PO;FP;FR;CO
214319900;PO;FP;FR;CO
214320100;PO;FP;FR;CO
214320200;PO;FP;FR;CO
214320300;PO;FP;DC;FR
214320400;PO;FP;FR;CO
214320600;PO;FP;FR;CO
214320700;PO;FP;FR;CO
214320800;PO;FP;FR;CO
214329900;PO;FP;FR;CO
214350100;PO;FP;FR;CO
214350200;PO;FP;FR;CO
214350300;PO;FP;DC;FR
214350400;PO;FP;FR;CO
214350600;PO;FP;FR;CO
214350700;PO;FP;FR;CO
214350800;PO;FP;FR;CO
214359900;PO;FP;FR;CO
215130000;PO;FP;FR;CO
215140100;PO;FP;FR;CO
215149900;PO;FP;FR;CO
215150100;PO;FP;FR;CO
215150200;PO;FP;FR;CO
215150300;PO;FP;FR;CO
215159900;PO;FP;FR;CO
215210000;PO;FP;FR;CO
215230000;PO;FP;FR;CO
215240000;PO;FP;FR;CO
215250000;PO;FP;FR;CO
215310100;PO;FP;FR;CO
215310200;PO;FP;FR;CO
215310300;PO;FP;FR;CO
215310400;PO;FP;FR;CO
215310500;PO;FP;FR;CO
215310600;PO;FP;FR;CO
215319900;PO;FP;FR;CO
215330100;PO;FP;FR;CO
215330300;PO;FP;FR;CO
215330400;PO;FP;FR;CO
215330500;PO;FP;FR;CO
215330600;PO;FP;FR;CO
215339900;PO;FP;FR;CO
215340100;PO;FP;FR;CO
215340300;PO;FP;FR;CO
215340400;PO;FP;FR;CO
215340500;PO;FP;FR;CO
215340600;PO;FP;FR;CO
215349900;PO;FP;FR;CO
215350100;PO;FP;FR;CO
215350300;PO;FP;FR;CO
215350400;PO;FP;FR;CO
215350500;PO;FP;FR;CO
215350600;PO;FP;FR;CO
215359900;PO;FP;FR;CO
215420000;PO;FP;FR;CO
215910000;PO;FP;FR;CO
215930000;PO;FP;FR;CO
215940000;PO;FP;FR;CO
215950000;PO;FP;FR;CO
217110100;PO;FP
217110200;PO;FP
217210801;PO;FP
217210802;PO;FP
217210803;PO;FP
217210804;PO;FP
217210805;PO;FP
217210806;PO;FP
217210899;PO;FP
217210901;PO;FP
217210902;PO;FP
217210999;PO;FP
217310101;PO;FP
217310102;PO;FP
217310201;PO;FP
217310202;PO;FP
217319900;PO;FP
217320000;PO;FP
217330000;PO;FP
217340000;PO;FP
217350000;PO;FP
217410100;PO;FP
217410200;PO;FP
217410300;PO;FP
217410400;PO;FP
217419900;PO;FP
217420000;PO;FP
217430000;PO;FP
217440000;PO;FP
217450000;PO;FP
217510000;PO;FP
217520000;PO;FP
217530000;PO;FP
217540000;PO;FP
217550100;PO;FP
217550200;PO;FP
217550300;PO;FP
217559900;PO;FP
217610000;PO;FP
217710000;PO;FP
217720000;PO;FP
217730000;PO;FP
217740000;PO;FP
217750000;PO;FP
217910100;PO;FP
217910200;PO;FP
217919900;PO;FP
217920000;PO;FP
217930000;PO;FP
217940000;PO;FP
217950000;PO;FP
218110000;PO;FP;DC;FR
218120000;PO;FP;DC;FR
218130000;PO;FP;DC;FR
218140000;PO;FP;DC;FR
218150000;PO;FP;DC;FR
218210000;PO;FP;FR;CO
218220000;PO;FP;FR;CO
218230000;PO;FP;FR;CO
218240000;PO;FP;FR;CO
218250000;PO;FP;FR;CO
218310100;PO;FP;FR;CO
218320000;PO;FP;FR;CO
218330000;PO;FP;FR;CO
218340000;PO;FP;FR;CO
218350000;PO;FP;FR;CO
218410100;PO;FP;FR;CO
218410200;PO;FP;FR;CO
218419600;PO;FP;FR;CO
218419700;PO;FP;FR;CO
218419800;PO;FP;FR;CO
218419900;PO;FP;FR;CO
218420000;PO;FP;FR;CO
218430000;PO;FP;FR;CO
218440000;PO;FP;FR;CO
218450000;PO;FP;FR;CO
218510100;PO;FP;FR;CO
218510200;PO;FP;FR;CO
218510300;PO;FP;FR;CO
218520000;PO;FP;FR;CO
218530000;PO;FP;FR;CO
218540000;PO;FP;FR;CO
218550000;PO;FP;FR;CO
218610100;PO;FP;FR;CO
218610200;PO;FP;FR;CO
218610300;PO;FP;FR;CO
218619900;PO;FP;FR;CO
218710000;PO;FP;FR;CO
218810101;PO;FP;FR;CO
218810102;PO;FP;FR;CO
218810103;PO;FP;FR;CO
218810104;PO;FP;FR;CO
218810105;PO;FP;FR;CO
218810106;PO;FP;FR;CO
218810107;PO;FP;FR;CO
218810108;PO;FP;FR;CO
218810109;PO;FP;FR;CO
218810110;PO;FP;FR;CO
218810111;PO;FP;FR;CO
218810112;PO;FP;FR;CO
218810113;PO;FP;FR;CO
218810114;PO;FP;FR;CO
218810115;PO;FP;FR;CO
218810116;PO;FP;FR;CO
218810117;PO;FP;FR;CO
218810199;PO;FP;FR;CO
218810200;PO;FP;FR;CO
218810301;PO;FP;FR;CO
218810302;PO;FP;FR;CO
218810401;PO;FP;FR;CO
218810402;PO;FP;FR;CO
218810403;PO;FP;FR;CO
218810404;PO;FP;FR;CO
218810405;PO;FP;FR;CO
218810499;PO;FP;FR;CO
218810801;PO;FP;FR;CO
218810802;PO;FP;FR;CO
218819900;PO;FP;FR;CO
218820101;PO;FP;FR;CO
218820102;PO;FP;FR;CO
218820104;PO;FP;FR;CO
218820106;PO;FP;FR;CO
218820107;PO;FP;FR;CO
218820108;PO;FP;FR;CO
218820109;PO;FP;FR;CO
218820112;PO;FP;FR;CO
218820199;PO;FP;FR;CO
218820200;PO;FP;FR;CO
218820300;PO;FP;FR;CO
218820400;PO;FP;FR;CO
218820800;PO;FP;FR;CO
218829900;PO;FP;FR;CO
218830102;PO;FP;FR;CO
218830104;PO;FP;FR;CO
218830106;PO;FP;FR;CO
218830199;PO;FP;FR;CO
218830200;PO;FP;FR;CO
218830300;PO;FP;FR;CO
218830400;PO;FP;FR;CO
218830800;PO;FP;FR;CO
218839900;PO;FP;FR;CO
218840107;PO;FP;FR;CO
218840109;PO;FP;FR;CO
218840199;PO;FP;FR;CO
218840200;PO;FP;FR;CO
218840300;PO;FP;FR;CO
218840400;PO;FP;FR;CO
218840800;PO;FP;FR;CO
218849900;PO;FP;FR;CO
218850108;PO;FP;FR;CO
218850109;PO;FP;FR;CO
218850199;PO;FP;FR;CO
218850200;PO;FP;FR;CO
218850300;PO;FP;FR;CO
218850400;PO;FP;FR;CO
218850800;PO;FP;FR;CO
218859900;PO;FP;FR;CO
218910101;PO;FP;FR;CO
218910102;PO;FP;FR;CO
218910104;PO;FP;FR;CO
218910105;PO;FP;FR;CO
218910106;PO;FP;FR;CO
218910108;PO;FP;FR;CO
218910199;PO;FP;FR;CO
218910200;PO;FP;FR;CO
218910300;PO;FP;FR;CO
218911200;PO;FP;FR;CO
218911300;PO;FP;FR;CO
218911400;PO;FP;FR;CO
218911600;PO;FP;FR;CO
218911700;PO;FP;FR;CO
218911800;PO;FP;FR;CO
218919800;PO;FP;FR;CO
218920104;PO;FP;FR;CO
218920105;PO;FP;FR;CO
218920106;PO;FP;FR;CO
218920107;PO;FP;FR;CO
218920199;PO;FP;FR;CO
218920200;PO;FP;FR;CO
218920300;PO;FP;FR;CO
218929800;PO;FP;FR;CO
218930105;PO;FP;FR;CO
218930106;PO;FP;FR;CO
218930199;PO;FP;FR;CO
218939800;PO;FP;FR;CO
218940105;PO;FP;FR;CO
218940106;PO;FP;FR;CO
218940199;PO;FP;FR;CO
218949800;PO;FP;FR;CO
218950105;PO;FP;FR;CO
218950106;PO;FP;FR;CO
218950199;PO;FP;FR;CO
218959800;PO;FP;FR;CO
221110100;PO;FP;FR;CO
221110301;PO;FP;FR;CO
221110302;PO;FP;FR;CO
221110303;PO;FP;FR;CO
221110401;PO;FP;FR;CO
221110402;PO;FP;FR;CO
221110403;PO;FP;FR;CO
221110500;PO;FP;FR;CO
221110700;PO;FP;FR;CO
221210201;PO;FP;FR;CO
221210202;PO;FP;FR;CO
221210203;PO;FP;FR;CO
221210301;PO;FP;FR;CO
221210302;PO;FP;FR;CO
221210303;PO;FP;FR;CO
221210400;PO;FP;FR;CO
221219800;PO;FP;FR;CO
221219900;PO;FP;FR;CO
221220000;PO;FP;FR;CO
221230000;PO;FP;FR;CO
221240000;PO;FP;FR;CO
221250000;PO;FP;FR;CO
221310100;PO;FP;FR;CO
221310201;PO;FP;FR;CO
221310202;PO;FP;FR;CO
221310203;PO;FP;FR;CO
221310301;PO;FP;FR;CO
221310302;PO;FP;FR;CO
221310303;PO;FP;FR;CO
221310400;PO;FP;FR;CO
221410100;PO;FP;DC;FR
221410200;PO;FP;DC;FR
221410300;PO;FP;DC;FR
221419900;PO;FP;FR;CO
221420100;PO;FP;FR;CO
221420201;PO;FP;FR;CO
221420202;PO;FP;FR;CO
221429900;PO;FP;FR;CO
221430101;PO;FP;DC;FR
221430200;PO;FP;FR;CO
221439900;PO;FP;FR;CO
221449900;PO;FP;FR;CO
221459900;PO;FP;FR;CO
221910000;PO;FP;FR;CO
221920000;PO;FP;FR;CO
222110101;PO;FP;FR;CO
222110102;PO;FP
222110198;PO;FP;FR;CO
222110298;PO;FP;FR;CO
222110300;PO;FP;FR;CO
222120100;PO;FP
222120201;PO;FP
222129900;PO;FP;FR;CO
222130101;PO;FP;FR;CO
222130102;PO;FP
222130198;PO;FP;FR;CO
222130298;PO;FP;FR;CO
222130401;PO;FP;FR;CO
222130501;PO;FP;FR;CO
222139900;PO;FP;FR;CO
222140101;PO;FP;FR;CO
222140102;PO;FP
222140198;PO;FP;FR;CO
222140298;PO;FP;FR;CO
222140300;PO;FP;FR;CO
222150101;PO;FP;FR;CO
222150102;PO;FP
222150198;PO;FP;FR;CO
222150298;PO;FP;FR;CO
222150300;PO;FP;FR;CO
222210100;PO;FP;FR;CO
222210200;PO;FP;FR;CO
222210300;PO;FP;FR;CO
222310101;PO;FP;FR;CO
222310102;PO;FP;FR;CO
222310103;PO;FP;FR;CO
222310198;PO;FP;FR;CO
222310200;PO;FP;FR;CO
222330000;PO;FP;FR;CO
222340000;PO;FP;FR;CO
222350000;PO;FP;FR;CO
222410101;PO;FP;FR;CO
222410102;PO;FP;FR;CO
222410200;PO;FP;FR;CO
222419800;PO;FP;FR;CO
222510101;PO;FP;FR;CO
222510102;PO;FP;FR;CO
222510201;PO;FP;FR;CO
222510202;PO;FP;DC;FR
222510301;PO;FP;DC;FR
222510302;PO;FP;DC;FR
222510401;PO;FP;DC;FR
222510402;PO;FP;DC;FR
222520000;PO;FP;DC;FR
222530000;PO;FP;FR;CO
222540000;PO;FP;FR;CO
222550000;PO;FP;FR;CO
222610101;PO;FP;FR;CO
222610102;PO;FP;FR;CO
222610201;PO;FP;FR;CO
222610202;PO;FP;FR;CO
222610301;PO;FP;DC;FR
222610302;PO;FP;DC;FR
222610401;PO;FP;DC;FR
222610402;PO;FP;DC;FR
222810100;PO;FP;FR;CO
222810200;PO;FP;DC;FR
222820100;PO;FP;FR;CO
222820200;PO;FP;DC;FR
222830100;PO;FP;FR;CO
222830200;PO;FP;DC;FR
222840100;PO;FP;FR;CO
222840200;PO;FP;DC;FR
222850100;PO;FP;FR;CO
222850200;PO;FP;DC;FR
222910100;PO;FP;FR;CO
222910200;PO;FP;DC;FR
223110101;PO;FP;FR;CO
223110102;PO;FP;DC;FR
223110103;PO;FP;DC;FR
223110199;PO;FP;FR;CO
223110401;PO;FP;FR;CO
223110402;PO;FP;FR;CO
223110403;PO;FP;FR;CO
223110501;PO;FP;FR;CO
223110502;PO;FP;FR;CO
223110503;PO;FP;FR;CO
223110601;PO;FP;FR;CO
223110602;PO;FP;FR;CO
223110603;PO;FP;FR;CO
223110701;PO;FP;FR;CO
223110702;PO;FP;FR;CO
223110703;PO;FP;FR;CO
223110800;PO;FP;FR;CO
223110900;PO;FP;FR;CO
223111001;PO;FP;FR;CO
223111002;PO;FP;FR;CO
223111003;PO;FP;FR;CO
223111099;PO;FP;FR;CO
223111100;PO;FP;FR;CO
223120000;PO;FP;FR;CO
223130000;PO;FP;FR;CO
223140000;PO;FP;FR;CO
223150000;PO;FP;FR;CO
223210101;PO;FP;FR;CO
223210102;PO;FP;DC;FR
223210103;PO;FP;DC;FR
223210199;PO;FP;FR;CO
223210201;PO;FP;FR;CO
223210202;PO;FP;DC;FR
223210203;PO;FP;DC;FR
223210299;PO;FP;FR;CO
224110100;PO;FP;FR;CO
224110200;PO;FP;DC;FR
224119900;PO;FP;FR;CO
224120100;PO;FP;FR;CO
224120200;PO;FP;DC;FR
224129900;PO;FP;FR;CO
224130100;PO;FP;FR;CO
224130200;PO;FP;DC;FR
224139900;PO;FP;FR;CO
224210100;PO;FP;DC;FR
224219900;PO;FP;FR;CO
224220100;PO;FP;DC;FR
224229900;PO;FP;FR;CO
224240100;PO;FP;DC;FR
224249900;PO;FP;FR;CO
224310100;PO;FP;DC;FR
224319900;PO;FP;FR;CO
224320100;PO;FP;DC;FR
224329900;PO;FP;FR;CO
224350100;PO;FP;DC;FR
224359900;PO;FP;FR;CO
225130000;PO;FP;FR;CO
225140100;PO;FP;FR;CO
225149900;PO;FP;FR;CO
225150100;PO;FP;FR;CO
225150200;PO;FP;FR;CO
225150300;PO;FP;FR;CO
225159900;PO;FP;FR;CO
225210000;PO;FP;FR;CO
225230000;PO;FP;FR;CO
225240000;PO;FP;FR;CO
225250000;PO;FP;FR;CO
225310100;PO;FP;FR;CO
225310200;PO;FP;FR;CO
225310300;PO;FP;FR;CO
225310400;PO;FP;FR;CO
225310500;PO;FP;FR;CO
225310600;PO;FP;FR;CO
225319900;PO;FP;FR;CO
225330100;PO;FP;FR;CO
225330300;PO;FP;FR;CO
225330400;PO;FP;FR;CO
225330500;PO;FP;FR;CO
225330600;PO;FP;FR;CO
225339900;PO;FP;FR;CO
225340100;PO;FP;FR;CO
225340300;PO;FP;FR;CO
225340400;PO;FP;FR;CO
225340500;PO;FP;FR;CO
225340600;PO;FP;FR;CO
225349900;PO;FP;FR;CO
225350100;PO;FP;FR;CO
225350300;PO;FP;FR;CO
225350400;PO;FP;FR;CO
225350500;PO;FP;FR;CO
225350600;PO;FP;FR;CO
225359900;PO;FP;FR;CO
225420000;PO;FP;FR;CO
225910000;PO;FP;FR;CO
225930000;PO;FP;FR;CO
225940000;PO;FP;FR;CO
225950000;PO;FP;FR;CO
227110100;PO;FP
227110200;PO;FP
227210101;PO;FP
227210103;PO;FP
227210104;PO;FP
227210105;PO;FP
227210199;PO;FP
227210201;PO;FP
227210202;PO;FP
227210203;PO;FP
227210204;PO;FP
227210299;PO;FP
227210301;PO;FP
227210303;PO;FP
227210304;PO;FP
227210305;PO;FP
227210399;PO;FP
227210401;PO;FP
227210402;PO;FP
227210403;PO;FP
227210404;PO;FP
227210499;PO;FP
227210801;PO;FP
227210802;PO;FP
227210803;PO;FP
227210804;PO;FP
227210805;PO;FP
227210806;PO;FP
227210899;PO;FP
227210901;PO;FP
227210902;PO;FP
227210999;PO;FP
227220101;PO;FP
227220203;PO;FP
227220501;PO;FP
227220502;PO;FP
227310101;PO;FP
227310102;PO;FP
227310201;PO;FP
227310202;PO;FP
227319900;PO;FP
227320000;PO;FP
227330000;PO;FP
227340000;PO;FP
227350000;PO;FP
227410100;PO;FP
227410200;PO;FP
227410300;PO;FP
227410400;PO;FP
227419900;PO;FP
227420000;PO;FP
227430000;PO;FP
227440000;PO;FP
227450000;PO;FP
227510000;PO;FP
227520000;PO;FP
227530000;PO;FP
227540000;PO;FP
227550000;PO;FP
227610000;PO;FP
227710000;PO;FP
227720000;PO;FP
227730000;PO;FP
227740000;PO;FP
227750000;PO;FP
227910100;PO;FP
227910200;PO;FP
227910301;PO;FP
227910302;PO;FP
227919900;PO;FP
227920900;PO;FP
227930000;PO;FP
227940000;PO;FP
227950000;PO;FP
228110000;PO;FP
228120000;PO;FP
228130000;PO;FP
228140000;PO;FP
228150000;PO;FP
228210000;PO;FP;FR;CO
228220000;PO;FP;FR;CO
228230000;PO;FP;FR;CO
228240000;PO;FP;FR;CO
228250000;PO;FP;FR;CO
228310000;PO;FP;FR;CO
228320000;PO;FP;FR;CO
228330000;PO;FP;FR;CO
228340000;PO;FP;FR;CO
228350000;PO;FP;FR;CO
228410000;PO;FP
228420000;PO;FP
228430000;PO;FP
228440000;PO;FP
228450000;PO;FP
228610100;PO;FP;FR;CO
228610200;PO;FP;FR;CO
228610300;PO;FP;FR;CO
228619900;PO;FP;FR;CO
228810101;PO;FP;FR;CO
228810102;PO;FP;FR;CO
228810103;PO;FP;FR;CO
228810104;PO;FP;FR;CO
228810105;PO;FP;FR;CO
228810106;PO;FP;FR;CO
228810107;PO;FP;FR;CO
228810108;PO;FP;FR;CO
228810109;PO;FP;FR;CO
228810110;PO;FP;FR;CO
228810111;PO;FP;FR;CO
228810112;PO;FP;FR;CO
228810113;PO;FP;FR;CO
228810114;PO;FP;FR;CO
228810115;PO;FP;FR;CO
228810116;PO;FP;FR;CO
228810117;PO;FP;FR;CO
228810199;PO;FP;FR;CO
228810200;PO;FP;FR;CO
228810301;PO;FP;FR;CO
228810302;PO;FP;FR;CO
228810401;PO;FP;FR;CO
228810402;PO;FP;FR;CO
228810403;PO;FP;FR;CO
228810404;PO;FP;FR;CO
228810405;PO;FP;FR;CO
228810499;PO;FP;FR;CO
228810801;PO;FP;FR;CO
228810802;PO;FP;FR;CO
228819900;PO;FP;FR;CO
228820101;PO;FP;FR;CO
228820102;PO;FP;FR;CO
228820104;PO;FP;FR;CO
228820106;PO;FP;FR;CO
228820107;PO;FP;FR;CO
228820108;PO;FP;FR;CO
228820109;PO;FP;FR;CO
228820112;PO;FP;FR;CO
228820199;PO;FP;FR;CO
228820200;PO;FP;FR;CO
228820300;PO;FP;FR;CO
228820400;PO;FP;FR;CO
228820800;PO;FP;FR;CO
228829900;PO;FP;FR;CO
228830102;PO;FP;FR;CO
228830104;PO;FP;FR;CO
228830106;PO;FP;FR;CO
228830199;PO;FP;FR;CO
228830200;PO;FP;FR;CO
228830300;PO;FP;FR;CO
228830400;PO;FP;FR;CO
228830800;PO;FP;FR;CO
228839900;PO;FP;FR;CO
228840107;PO;FP;FR;CO
228840199;PO;FP;FR;CO
228840200;PO;FP;FR;CO
228840300;PO;FP;FR;CO
228840400;PO;FP;FR;CO
228840800;PO;FP;FR;CO
228849900;PO;FP;FR;CO
228850108;PO;FP;FR;CO
228850109;PO;FP;FR;CO
228850199;PO;FP;FR;CO
228850200;PO;FP;FR;CO
228850300;PO;FP;FR;CO
228850400;PO;FP;FR;CO
228850800;PO;FP;FR;CO
228859900;PO;FP;FR;CO
228910101;PO;FP;FR;CO
228910102;PO;FP;FR;CO
228910104;PO;FP;FR;CO
228910200;PO;FP;FR;CO
228910300;PO;FP;FR;CO
228911200;PO;FP;FR;CO
228911300;PO;FP;FR;CO
228911400;PO;FP;FR;CO
228911600;PO;FP;FR;CO
228911700;PO;FP;FR;CO
228919800;PO;FP;FR;CO
228920000;PO;FP;FR;CO
228930000;PO;FP;FR;CO
228940000;PO;FP;FR;CO
228950000;PO;FP;FR;CO
229110000;PO;FP
229120000;PO;FP
229130000;PO;FP
229140000;PO;FP
229150000;PO;FP
229210000;PO;FP
229220000;PO;FP
229230000;PO;FP
229240000;PO;FP
229250000;PO;FP
231110000;PO
231120000;PO
231130000;PO
231140000;PO
231150000;PO
231210000;PO
231220000;PO
231230000;PO
231240000;PO
231250000;PO
232110000;PO
232120000;PO
232130000;PO
232140000;PO
232150000;PO
233110000;PO
233120000;PO
233130000;PO
233140000;PO
233150000;PO
233210000;PO
233220000;PO
233230000;PO
233240000;PO
233250000;PO
233310000;PO
233320000;PO
233330000;PO
233340000;PO
233350000;PO
233410000;PO
233420000;PO
233430000;PO
233440000;PO
233450000;PO
233910100;PO
233910200;PO
233910300;PO
233919900;PO
233920100;PO
233920200;PO
233920300;PO
233929900;PO
233930000;PO
233940000;PO
233950000;PO
234110000;PO
234120000;PO
234130000;PO
234140000;PO
234150000;PO
234210000;PO
234220000;PO
234230000;PO
234240000;PO
234250000;PO
235110000;PO
235120000;PO
235130000;PO
235140000;PO
235150000;PO
235210000;PO
235220000;PO
235230000;PO
235240000;PO
235250000;PO
235310000;PO
235320000;PO
235330000;PO
235340000;PO
235350000;PO
235410000;PO
235420000;PO
235430000;PO
235440000;PO
235450000;PO
235510000;PO
235520000;PO
235530000;PO
235540000;PO
235550000;PO
235610000;PO
235620000;PO
235630000;PO
235640000;PO
235650000;PO
235710000;PO
235720000;PO
235730000;PO
235740000;PO
235750000;PO
235810000;PO
235820000;PO
235830000;PO
235840000;PO
235850000;PO
235910000;PO
235920000;PO
235930000;PO
235940000;PO
235950000;PO
236110000;PO
236120000;PO
236130000;PO
236140000;PO
236150000;PO
236210101;PO
236210102;PO
236210201;PO
236210202;PO
236210301;PO
236210401;PO
236210402;PO
236210403;PO
236210501;PO
236210502;PO
236910000;PO
236920000;PO
236930000;PO
236940000;PO
236950000;PO
237110100;PO
237110200;PO
237110300;PO
237110400;PO
237120100;PO
237120200;PO
237120300;PO
237120400;PO
237130100;PO
237130200;PO
237130300;PO
237130400;PO
237140100;PO
237140200;PO
237140300;PO
237140400;PO
237150100;PO
237150200;PO
237150300;PO
237150400;PO
237210100;PO
237210200;PO
237210300;PO
237210400;PO
237210500;PO
237210600;PO
237220100;PO
237220200;PO
237220300;PO
237220400;PO
237220500;PO
237220600;PO
237230100;PO
237230200;PO
237230300;PO
237230400;PO
237230500;PO
237230600;PO
237240100;PO
237240200;PO
237240300;PO
237240400;PO
237240500;PO
237240600;PO
237250100;PO
237250200;PO
237250300;PO
237250400;PO
237250500;PO
237250600;PO
239110000;PO
239120000;PO
239130000;PO
239140000;PO
239150000;PO
239210000;PO
239220000;PO
239230000;PO
239240000;PO
239250000;PO
311110101;PO
311110102;PO
311110103;PO
311110104;PO
311110105;PO
311110106;PO
311110107;PO
311110108;PO
311110109;PO
311110110;PO
311110112;PO
311110113;PO
311110114;PO
311110115;PO
311110116;PO
311110117;PO
311110118;PO
311110119;PO
311110120;PO
311110121;PO
311110122;PO
311110123;PO
311110124;PO
311110125;PO
311110126;PO
311110127;PO
311110128;PO
311110129;PO
311110130;PO
311110131;PO
311110132;PO
311110133;PO
311110135;PO
311110136;PO
311110199;PO
311110201;PO
311110202;PO
311110203;PO
311110204;PO
311110205;PO
311110206;PO
311110207;PO
311110208;PO
311110209;PO
311110210;PO
311110211;PO
311110212;PO
311110213;PO
311110299;PO
311110300;PO
311119900;PO
311120000;PO
311210101;PO
311210102;PO
311210103;PO
311210104;PO
311210105;PO
311210106;PO
311210107;PO
311210108;PO
311210109;PO
311210110;PO
311210111;PO
311210112;PO
311210113;PO
311210114;PO
311210115;PO
311210116;PO
311210117;PO
311210118;PO
311210119;PO
311210120;PO
311210121;PO
311210122;PO
311210123;PO
311210124;PO
311210125;PO
311210126;PO
311210127;PO
311210128;PO
311210129;PO
311210130;PO
311210131;PO
311210132;PO
311210133;PO
311210135;PO
311210199;PO
311210201;PO
311210202;PO
311210203;PO
311210204;PO
311210205;PO
311210206;PO
311210207;PO
311210208;PO
311210209;PO
311210210;PO
311210299;PO
311210300;PO
311210401;PO
311210402;PO
311210403;PO
311210404;PO
311210405;PO
311210406;PO
311210408;PO
311210409;PO
311210410;PO
311210411;PO
311210412;PO
311210413;PO
311210414;PO
311210415;PO
311210416;PO
311210417;PO
311210418;PO
311210419;PO
311210420;PO
311210421;PO
311210422;PO
311210423;PO
311210424;PO
311210427;PO
311210499;PO
311219900;PO
311310101;PO
311310102;PO
311310103;PO
311310104;PO
311310105;PO
311310106;PO
311310107;PO
311310108;PO
311310109;PO
311310110;PO
311310111;PO
311310112;PO
311310113;PO
311310114;PO
311310115;PO
311310116;PO
311310117;PO
311310199;PO
311310201;PO
311310202;PO
311310203;PO
311310204;PO
311310299;PO
311310300;PO
311319900;PO
312120100;PO
312120200;PO
312129900;PO
312130200;PO
312139900;PO
312140200;PO
312149900;PO
312150200;PO
312159900;PO
312210100;PO
312210300;PO
312210400;PO
312210500;PO
312210600;PO
312219900;PO
312220100;PO
312220300;PO
312220400;PO
312220500;PO
312220600;PO
312229900;PO
312230100;PO
312230300;PO
312230400;PO
312230500;PO
312230600;PO
312239900;PO
312310100;PO
312310200;PO
312310300;PO
312410100;PO
312410200;PO
312410300;PO
312419900;PO
312420000;PO
312430000;PO
312440000;PO
312450000;PO
312510100;PO
312510200;PO
312510300;PO
312510400;PO
312519900;PO
312540000;PO
312910100;PO
312910200;PO
312910300;PO
312910400;PO
312910500;PO
312910600;PO
312919900;PO
312920100;PO
312920200;PO
312920300;PO
312920400;PO
312920500;PO
312920600;PO
312929900;PO
312930000;PO
312940100;PO
312940200;PO
312940300;PO
312940400;PO
312940500;PO
312940600;PO
312949900;PO
312950000;PO
313110000;PO
313210000;PO
313310000;PO
319110000;PO
319210000;PO
319220000;PO
319230000;PO
319240000;PO
319250000;PO
319910100;PO
319910200;PO
319920000;PO
319930000;PO
319940000;PO
319950000;PO
321110101;PO
321110102;PO
321110103;PO
321110104;PO
321110105;PO
321110106;PO
321110107;PO
321110199;PO
321110200;PO
321117000;PO
321119900;PO
321210000;PO
321310101;PO
321317000;PO
321319900;PO
321410101;PO
321410102;PO
321417000;PO
321419900;PO
321910000;PO
322110100;PO
322117000;PO
322119900;PO
322210000;PO
322310100;PO
322317000;PO
322319900;PO
322910000;PO
323110100;PO
323210100;PO
323910000;PO
324110000;PO
324210000;PO
324310000;PO
324410000;PO
325110000;PO
329110100;PO
329110200;PO
329110300;PO
329110400;PO
329110500;PO
329110600;PO
329110700;PO
329110800;PO
329110900;PO
329111000;PO
329111100;PO
329111201;PO
329111202;PO
329111203;PO
329119900;PO
329120000;PO
329210000;PO
329310100;PO
329310200;PO
329310300;PO
329310400;PO
329310500;PO
329310600;PO
329310700;PO
329310800;PO
329310900;PO
329311001;PO
329311002;PO
329311003;PO
329319900;PO
329910000;PO
329920000;PO
331110100;PO
331110300;PO
331110400;PO
331110500;PO
331110600;PO
331110700;PO
331110800;PO
331110900;PO
331111000;PO
331111100;PO
331111300;PO
331111400;PO
331111500;PO
331111600;PO
331111700;PO
331111800;PO
331111900;PO
331112000;PO
331112100;PO
331112200;PO
331112300;PO
331112400;PO
331112500;PO
331112600;PO
331112700;PO
331112800;PO
331112900;PO
331113000;PO
331113100;PO
331113200;PO
331113300;PO
331113400;PO
331113500;PO
331113600;PO
331113700;PO
331113800;PO
331113900;PO
331114000;PO
331114100;PO
331114200;PO
331114300;PO
331114400;PO
331114500;PO
331114600;PO
331114800;PO
331114900;PO
331115000;PO
331115100;PO
331115200;PO
331115300;PO
331115400;PO
331115500;PO
331115600;PO
331115700;PO
331115800;PO
331117100;PO
331119800;PO
331119900;PO
331210100;PO
331210200;PO
331210300;PO
331210400;PO
331210500;PO
331210600;PO
331210700;PO
331210800;PO
331219900;PO
331220000;PO
331230000;PO
331240000;PO
331250000;PO
332110100;PO
332110200;PO
332110300;PO
332110400;PO
332119900;PO
332210100;PO
332210200;PO
332210300;PO
332210400;PO
332210500;PO
332210600;PO
332210700;PO
332210800;PO
332210900;PO
332211000;PO
332211100;PO
332211200;PO
332211300;PO
332211400;PO
332211500;PO
332211600;PO
332211800;PO
332211900;PO
332212000;PO
332212100;PO
332212200;PO
332212300;PO
332212400;PO
332212500;PO
332212600;PO
332212700;PO
332212800;PO
332212900;PO
332213000;PO
332213100;PO
332213400;PO
332213500;PO
332213600;PO
332213700;PO
332213800;PO
332213900;PO
332219800;PO
332219900;PO
332310100;PO
332310200;PO
332310300;PO
332310400;PO
332310500;PO
332310600;PO
332310700;PO
332310800;PO
332310900;PO
332311000;PO
332311100;PO
332311200;PO
332311300;PO
332311400;PO
332311500;PO
332311600;PO
332311700;PO
332311800;PO
332311900;PO
332312000;PO
332312100;PO
332312200;PO
332312300;PO
332312400;PO
332312500;PO
332312600;PO
332312700;PO
332312800;PO
332312900;PO
332313000;PO
332313100;PO
332313200;PO
332313300;PO
332313400;PO
332313500;PO
332313600;PO
332313700;PO
332313800;PO
332313900;PO
332314000;PO
332314100;PO
332314200;PO
332314300;PO
332314400;PO
332314500;PO
332314600;PO
332314700;PO
332315100;PO
332315200;PO
332315400;PO
332315500;PO
332315600;PO
332315700;PO
332315800;PO
332319800;PO
332319900;PO
332325200;PO
332325300;PO
332329900;PO
332330000;PO
332340000;PO
332350000;PO
332410000;PO
332420000;PO
332430000;PO
332440000;PO
332450000;PO
333110101;PO
333110102;PO
333210100;PO
333210200;PO
333310100;PO
341110100;PO
341110200;PO
341119900;PO
341120100;PO
341120200;PO
341129900;PO
341130100;PO
341130200;PO
341139900;PO
341140100;PO
341140200;PO
341149900;PO
341150100;PO
341150200;PO
341159900;PO
341210100;PO
341210200;PO
341310000;PO
341320000;PO
341330000;PO
341340000;PO
341350000;PO
341410100;PO
341419900;PO
341810000;PO
341820000;PO
341830000;PO
341840000;PO
341850000;PO
341910000;PO
342110100;PO
342110200;PO
342120100;PO
342120200;PO
342130100;PO
342130200;PO
342140100;PO
342140200;PO
342150100;PO
342150200;PO
342210100;PO
342210200;PO
342310101;PO
342310102;PO
342310103;PO
342310199;PO
342310201;PO
342310202;PO
342310203;PO
342310299;PO
342310301;PO
342310302;PO
342310303;PO
342310399;PO
342319900;PO
342320000;PO
342330000;PO
342340000;PO
342350000;PO
342410100;PO
342410200;PO
342410300;PO
342419900;PO
342420000;PO
342430000;PO
342440000;PO
342450000;PO
342510000;PO
342520101;PO
342520102;PO
342520199;PO
342520201;PO
342520202;PO
342520299;PO
342529900;PO
342530000;PO
342540000;PO
342550000;PO
342610000;PO
342620000;PO
342630000;PO
342640000;PO
342650000;PO
342910000;PO
342920000;PO
342930000;PO
342940000;PO
342950000;PO
343110100;PO
343110200;PO
343120000;PO
343130100;PO
343130200;PO
343140100;PO
343140200;PO
343150100;PO
343150200;PO
343210100;PO
343210200;PO
343310100;PO
343310200;PO
343320000;PO
343330100;PO
343340100;PO
343340200;PO
343350100;PO
343410100;PO
343410200;PO
343510100;PO
343510200;PO
343520100;PO
343520200;PO
343530100;PO
343530200;PO
343540100;PO
343540200;PO
343550100;PO
343550200;PO
343910101;PO
343910102;PO
343910170;PO
343910199;PO
343919900;PO
343920000;PO
343930101;PO
343930102;PO
343930170;PO
343930171;PO
343930199;PO
343930200;PO
343940100;PO
343940200;PO
343950100;PO
343950200;PO
344110000;PO
344120000;PO
344130000;PO
344140000;PO
344150000;PO
345110000;PO
345210000;PO
346110000;PO
346120000;PO
346130000;PO
346140000;PO
346150000;PO
348110000;PO
348210000;PO
349110000;PO
349120000;PO
349130000;PO
349140000;PO
349150000;PO
349210000;PO
349220000;PO
349230000;PO
349240000;PO
349250000;PO
349910000;PO
349920000;PO
349930000;PO
349940000;PO
349950000;PO
351120100;PO
351120200;PO
351120300;PO
351120400;PO
351120500;PO
351120800;PO
351120900;PO
351121300;PO
351129900;PO
351220101;PO
351220103;PO
351220104;PO
351220199;PO
351220201;PO
351220202;PO
351220203;PO
351220204;PO
351220205;PO
351220206;PO
351220299;PO
351229900;PO
351320101;PO
351320102;PO
351320199;PO
351320201;PO
351320202;PO
351320203;PO
351320204;PO
351320205;PO
351320206;PO
351320299;PO
351329900;PO
351420101;PO
351420102;PO
351420200;PO
351429900;PO
351520000;PO
352110000;PO
352130000;PO
352140000;PO
352150100;PO
352150200;PO
352150300;PO
352150400;PO
352150500;PO
352150600;PO
352159900;PO
352240000;PO
352310000;PO
352330100;PO
352330200;PO
352330300;PO
352330400;PO
352339900;PO
352340100;PO
352340200;PO
352340300;PO
352340400;PO
352349900;PO
352350100;PO
352350200;PO
352350300;PO
352350400;PO
352359900;PO
352410000;PO
352430101;PO
352430102;PO
352430103;PO
352430104;PO
352430199;PO
352440101;PO
352440102;PO
352440103;PO
352440104;PO
352440199;PO
352450101;PO
352450102;PO
352450103;PO
352450104;PO
352450199;PO
353110100;PO
353110200;PO
353110300;PO
353110400;PO
353119900;PO
353210100;PO
353219900;PO
354110000;PO
355110000;PO
356110000;PO
357130100;PO
357130200;PO
357130300;PO
357130400;PO
357130500;PO
357130600;PO
357130700;PO
357140100;PO
357140200;PO
357140300;PO
357140400;PO
357140500;PO
357140600;PO
357140700;PO
357150100;PO
357150200;PO
357150300;PO
357150400;PO
357150500;PO
357150600;PO
357150700;PO
357210100;PO
357210200;PO
357210300;PO
357210400;PO
357210500;PO
357210600;PO
357210700;PO
359110000;PO
359120000;PO
359130000;PO
359140000;PO
359150000;PO
361110101;PO
361110102;PO
361110103;PO
361110104;PO
361110105;PO
361110106;PO
361110107;PO
361110108;PO
361110109;PO
361110110;PO
361110199;PO
361110201;PO
361110202;PO
361110203;PO
361110204;PO
361110205;PO
361110206;PO
361110299;PO
361110300;PO
361110400;PO
361210000;PO
361310000;PO
361410100;PO
361410200;PO
361410300;PO
361410500;PO
361419900;PO
361420100;PO
361420200;PO
361420300;PO
361420500;PO
361429900;PO
361430100;PO
361430200;PO
361430300;PO
361430500;PO
361439900;PO
361440100;PO
361440200;PO
361440300;PO
361440500;PO
361449900;PO
361450100;PO
361450200;PO
361450300;PO
361450500;PO
361459900;PO
361510101;PO
361510102;PO
361510103;PO
361510104;PO
361510105;PO
361510106;PO
361510107;PO
361510108;PO
361510109;PO
361510110;PO
361510199;PO
361510201;PO
361510202;PO
361510203;PO
361510204;PO
361510205;PO
361510206;PO
361510299;PO
361510300;PO
361510400;PO
361510500;PO
361610100;PO
361610200;PO
361610300;PO
361610400;PO
361619900;PO
361710100;PO
361710200;PO
361710300;PO
361710400;PO
361710500;PO
361710600;PO
361710701;PO
361710702;PO
361710703;PO
361710800;PO
361710901;PO
361710902;PO
361719800;PO
361719900;PO
361720100;PO
361720200;PO
361720300;PO
361720400;PO
361720500;PO
361720600;PO
361729900;PO
361730100;PO
361730200;PO
361730300;PO
361730400;PO
361730500;PO
361730600;PO
361739900;PO
361740100;PO
361740200;PO
361740300;PO
361740400;PO
361740500;PO
361740600;PO
361749900;PO
361750100;PO
361750200;PO
361750300;PO
361750400;PO
361750500;PO
361750600;PO
361759900;PO
361810100;PO
361810200;PO
361810300;PO
361810400;PO
361810500;PO
361810600;PO
361810700;PO
361810800;PO
362110100;PO
362110200;PO
362110300;PO
362110400;PO
362120000;PO
362130000;PO
362140000;PO
362150000;PO
362210101;PO
362210102;PO
362210103;PO
362210104;PO
362210105;PO
362210106;PO
362210107;PO
362210108;PO
362210109;PO
362210110;PO
362210199;PO
362210200;PO
362310100;PO
362310200;PO
362310300;PO
362319900;PO
362910000;PO
362920000;PO
362930000;PO
362940000;PO
362950000;PO
363110101;PO
363110102;PO
363110103;PO
363110104;PO
363110105;PO
363110106;PO
363110107;PO
363110108;PO
363110109;PO
363110110;PO
363110199;PO
363110200;PO
363210100;PO
363210200;PO
363210300;PO
363219900;PO
363310100;PO
363310200;PO
363310300;PO
363310400;PO
363310500;PO
363310600;PO
363310700;PO
363319900;PO
363910000;PO
364110000;PO
364120000;PO
364130000;PO
364140000;PO
364150000;PO
365110100;PO
365110200;PO
365110300;PO
365110400;PO
365110500;PO
365110600;PO
365110700;PO
365110800;PO
365119900;PO
365120000;PO
365130000;PO
365140000;PO
365150000;PO
371110100;PO
371110200;PO
371110300;PO
371110400;PO
371110500;PO
371110600;PO
371110700;PO
371110800;PO
371110900;PO
371111000;PO
371111100;PO
371119900;PO
371120000;PO
371130000;PO
371140000;PO
371150000;PO
371210100;PO
371210200;PO
371219900;PO
371220000;PO
371230000;PO
371240000;PO
371250000;PO
371310100;PO
371320000;PO
371330000;PO
371340000;PO
371350000;PO
372110100;PO
372110200;PO
372110300;PO
372110400;PO
372110500;PO
372119900;PO
372120000;PO
372130100;PO
372130200;PO
372130300;PO
372130400;PO
372130500;PO
372139900;PO
372140000;PO
372150000;PO
372210000;PO
372220000;PO
372230000;PO
372240000;PO
372250000;PO
372310000;PO
372320000;PO
372330000;PO
372340000;PO
372350000;PO
372910100;PO
372919900;PO
372920000;PO
372930000;PO
372940000;PO
372950000;PO
381110000;PO
381120000;PO
381130000;PO
381140000;PO
381150000;PO
382110000;PO
382120000;PO
382130000;PO
382140000;PO
382150000;PO
383110000;PO
383120000;PO
383130000;PO
383140000;PO
383150000;PO
391110000;PO
391120000;PO
391130000;PO
391140000;PO
391150000;PO
391210000;PO
391220000;PO
391230000;PO
391240000;PO
391250000;PO
391310000;PO
391320000;PO
391330000;PO
391340000;PO
391350000;PO
391410000;PO
391420000;PO
391430000;PO
391440000;PO
391450000;PO
391510000;PO
391520000;PO
391530000;PO
391540000;PO
391550000;PO
391910000;PO
391920000;PO
391930000;PO
391940000;PO
391950000;PO
392110000;PO
392120000;PO
392130000;PO
392140000;PO
392150000;PO
393110000;PO
393210000;PO
393310000;PO
393410000;PO
393910000;PO
394110100;PO
394110200;PO
394110300;PO
394119900;PO
394210100;PO
394210200;PO
394219900;PO
394310100;PO
394319900;PO
394320000;PO
394330000;PO
394340000;PO
394350000;PO
394410100;PO
394419900;PO
394420000;PO
394430000;PO
394440000;PO
394450000;PO
394910000;PO
394920000;PO
394930000;PO
394940000;PO
394950000;PO
395110100;PO
395110200;PO
395110300;PO
395110400;PO
395110500;PO
395110600;PO
395110700;PO
395110800;PO
395119900;PO
395120000;PO
395130000;PO
395140000;PO
395150000;PO
396110000;PO
396120000;PO
396130000;PO
396140000;PO
396150000;PO
396210000;PO
396310000;PO
396410000;PO
396420000;PO
396430000;PO
396440000;PO
396450000;PO
396510000;PO
396520000;PO
396530000;PO
396540000;PO
396550000;PO
397110000;PO
397120000;PO
397130000;PO
397140000;PO
397150000;PO
397210000;PO
397220000;PO
397230000;PO
397240000;PO
397250000;PO
397310000;PO
397320000;PO
397330000;PO
397340000;PO
397350000;PO
397410000;PO
397420000;PO
397430000;PO
397440000;PO
397450000;PO
397530000;PO
397540000;PO
397550000;PO
397610000;PO
397710000;PO
397720000;PO
397730000;PO
397740000;PO
397750000;PO
397910000;PO
397920000;PO
397930000;PO
397940000;PO
397950000;PO
399120000;PO
399130000;PO
399140000;PO
399150000;PO
399230000;PO
399240000;PO
399250000;PO
399310000;PO
399320000;PO
399330000;PO
399340000;PO
399350000;PO
399410000;PO
399420000;PO
399430000;PO
399440000;PO
399450000;PO
399510000;PO
399520000;PO
399530000;PO
399540000;PO
399550000;PO
399610000;PO
399620000;PO
399631100;PO
399639900;PO
399640000;PO
399650000;PO
399710000;PO
399720000;PO
399730000;PO
399910000;PO
399920100;PO
399920200;PO
399929900;PO
399930000;PO
399940000;PO
399950000;PO
411110000;PO
411120000;PO
411130000;PO
411140000;PO
411150000;PO
411210100;PO
411210200;PO
411210301;PO
411210302;PO
411210400;PO
411210500;PO
411210600;PO
411219700;PO
411219900;PO
411220000;PO
411230000;PO
411240000;PO
411250000;PO
411310100;PO
411310200;PO
411310300;PO
411310400;PO
411319700;PO
411319900;PO
411320000;PO
411330000;PO
411340000;PO
411350000;PO
411410000;PO
411420000;PO
411430000;PO
411440000;PO
411450000;PO
411910000;PO
411920000;PO
411930000;PO
411940000;PO
411950000;PO
412110100;PO
412110200;PO
412110300;PO
412110400;PO
412110500;PO
412110600;PO
412111101;PO
412111102;PO
412111199;PO
412111400;PO
412111501;PO
412111502;PO
412117000;PO
412117100;PO
412117200;PO
412119711;PO
412119714;PO
412119715;PO
412119770;PO
412119771;PO
412119772;PO
412119798;PO
412119799;PO
412119900;PO
412120000;PO
412130000;PO
412140000;PO
412150000;PO
412210700;PO
412210900;PO
412217000;PO
412217100;PO
412217200;PO
412217300;PO
412217400;PO
412219707;PO
412219709;PO
412219770;PO
412219771;PO
412219772;PO
412219773;PO
412219774;PO
412219798;PO
412219799;PO
412219900;PO
412220000;PO
412230000;PO
412240000;PO
412250000;PO
413110100;PO
413119700;PO
413120000;PO
413130000;PO
413140000;PO
413150000;PO
413210100;PO
413219700;PO
413220000;PO
413230000;PO
413240000;PO
413250000;PO
413310100;PO
413319700;PO
413320000;PO
413330000;PO
413340000;PO
413350000;PO
413410100;PO
413419700;PO
413420000;PO
413430000;PO
413440000;PO
413450000;PO
413910100;PO
413919700;PO
413920000;PO
413930000;PO
413940000;PO
413950000;PO
421110201;PO
421110202;PO
421110203;PO
421110204;PO
421110205;PO
421110206;PO
421110299;PO
421110300;PO
421110400;PO
421119701;PO
421119702;PO
421119900;PO
421120101;PO
421120102;PO
421120199;PO
421120300;PO
421120400;PO
421129701;PO
421129900;PO
421130101;PO
421130102;PO
421130199;PO
421139701;PO
421139900;PO
421140101;PO
421140102;PO
421140199;PO
421149701;PO
421149900;PO
421150101;PO
421150102;PO
421150199;PO
421159701;PO
421159900;PO
421210000;PO
421220000;PO
421230000;PO
421240000;PO
421250000;PO
421310000;PO
421320000;PO
421330000;PO
421340000;PO
421350000;PO
421410000;PO
421420000;PO
421430000;PO
421440000;PO
421450000;PO
421510000;PO
421520000;PO
421530000;PO
421540000;PO
421550000;PO
421610000;PO
421620000;PO
421630000;PO
421640000;PO
421650000;PO
421910000;PO
421920000;PO
421930000;PO
421940000;PO
421950000;PO
422110000;PO
422120000;PO
422130000;PO
422140000;PO
422150000;PO
423110100;PO
423120000;PO
423150000;PO
424110000;PO
424120000;PO
424130000;PO
431110100;PO
431111101;PO
431111102;PO
431111103;PO
431111199;PO
431111201;PO
431111202;PO
431111203;PO
431111204;PO
431111205;PO
431111206;PO
431111207;PO
431111208;PO
431111209;PO
431111210;PO
431111299;PO
431111300;PO
431111401;PO
431111402;PO
431111403;PO
431111404;PO
431111405;PO
431111499;PO
431111599;PO
431111600;PO
431119900;PO
431120000;PO
431130000;PO
431140000;PO
431150000;PO
431919701;PO
431919702;PO
431919703;PO
431919705;PO
431919706;PO
431919707;PO
431919708;PO
431919900;PO
431920000;PO
431930000;PO
431940000;PO
431950000;PO
432110000;PO
432120000;PO
432130000;PO
432140000;PO
432150000;PO
432919701;PO
432919702;PO
432919703;PO
432919704;PO
432919705;PO
432919706;PO
432919707;PO
432919708;PO
432919900;PO
432920000;PO
432930000;PO
432940000;PO
432950000;PO
433110100;PO
433110200;PO
433110300;PO
433110400;PO
433110500;PO
433110600;PO
433110700;PO
433110800;PO
433110900;PO
433111000;PO
433111100;PO
433111200;PO
433111300;PO
433111400;PO
433111500;PO
433111600;PO
433111700;PO
433111800;PO
433111900;PO
433112000;PO
433112100;PO
433112200;PO
433112300;PO
433112400;PO
433112500;PO
433112600;PO
433112700;PO
433112800;PO
433112900;PO
433113000;PO
433113100;PO
433113200;PO
433113300;PO
433113400;PO
433113500;PO
433113600;PO
433113700;PO
433113800;PO
433113900;PO
433114000;PO
433114100;PO
433114200;PO
433114300;PO
433114400;PO
433114500;PO
433114600;PO
433114700;PO
433114800;PO
433114900;PO
433115000;PO
433115100;PO
433115200;PO
433115300;PO
433115400;PO
433115500;PO
433115600;PO
433115700;PO
433115800;PO
433115900;PO
433116000;PO
433116100;PO
433119800;PO
433119900;PO
433120100;PO
433120200;PO
433120300;PO
433120400;PO
433120500;PO
433120600;PO
433120700;PO
433120800;PO
433120900;PO
433121000;PO
433121100;PO
433121200;PO
433121300;PO
433121400;PO
433121500;PO
433121600;PO
433121700;PO
433121800;PO
433121900;PO
433122000;PO
433122100;PO
433122200;PO
433122300;PO
433122400;PO
433122500;PO
433122600;PO
433122700;PO
433122800;PO
433122900;PO
433123000;PO
433123100;PO
433123200;PO
433123300;PO
433123400;PO
433123500;PO
433123600;PO
433123700;PO
433123800;PO
433123900;PO
433124000;PO
433124100;PO
433124200;PO
433124300;PO
433124400;PO
433124500;PO
433124600;PO
433124700;PO
433124800;PO
433124900;PO
433125000;PO
433125100;PO
433125200;PO
433125300;PO
433125400;PO
433125500;PO
433125600;PO
433125700;PO
433125800;PO
433125900;PO
433126000;PO
433126100;PO
433129700;PO
433129800;PO
433129900;PO
433130000;PO
433140000;PO
433150000;PO
433910100;PO
433910200;PO
433910300;PO
433910500;PO
433910600;PO
433910700;PO
433910900;PO
433911000;PO
433919900;PO
433920000;PO
433930000;PO
433940000;PO
433950000;PO
441110100;PO
441110200;PO
441119900;PO
441120000;PO
441130000;PO
441140000;PO
441150000;PO
441210000;PO
441220000;PO
441230000;PO
441240000;PO
441250000;PO
441310000;PO
441320000;PO
441330000;PO
441340000;PO
441350000;PO
441410000;PO
442110000;PO
442120000;PO
442130000;PO
442140000;PO
442150000;PO
442210000;PO
442310000;PO
442320000;PO
442330000;PO
442340000;PO
442350000;PO
442410100;PO
442410200;PO
442410300;PO
442410400;PO
442410500;PO
442410600;PO
442410700;PO
442410800;PO
442410900;PO
442411000;PO
442411100;PO
442411300;PO
442411400;PO
442411500;PO
442411600;PO
442419700;PO
442419900;PO
442420000;PO
442430000;PO
442440000;PO
442450000;PO
442510000;PO
442520101;PO
442520102;PO
442520199;PO
442520201;PO
442520202;PO
442520299;PO
442529900;PO
442530000;PO
442540000;PO
442550000;PO
442610000;PO
442620000;PO
442630000;PO
442640000;PO
442650000;PO
442910000;PO
442920000;PO
442930000;PO
442940000;PO
442950000;PO
443110100;PO
443110200;PO
443119900;PO
443120000;PO
443130100;PO
443130200;PO
443140100;PO
443140200;PO
443150100;PO
443150200;PO
443210100;PO
443210200;PO
443310100;PO
443310200;PO
443319900;PO
443320000;PO
443330100;PO
443330200;PO
443340100;PO
443340200;PO
443350100;PO
443350200;PO
443410100;PO
443410200;PO
443510100;PO
443510200;PO
443520100;PO
443520200;PO
443530100;PO
443530200;PO
443540100;PO
443540200;PO
443550100;PO
443550200;PO
443910101;PO
443910102;PO
443910170;PO
443910199;PO
443919900;PO
443920000;PO
443930101;PO
443930102;PO
443930170;PO
443930171;PO
443930199;PO
443930200;PO
443940100;PO
443940200;PO
443950100;PO
443950200;PO
444110000;PO
444120000;PO
444130000;PO
444140000;PO
444150000;PO
445110000;PO
445210000;PO
445220000;PO
446110000;PO
446120000;PO
446130000;PO
446140000;PO
446150000;PO
446210000;PO
446220000;PO
446230000;PO
446240000;PO
446250000;PO
448110000;PO
449110000;PO
449120000;PO
449130000;PO
449140000;PO
449150000;PO
451120100;PO
451120200;PO
451120300;PO
451120400;PO
451120500;PO
451120800;PO
451120900;PO
451129900;PO
451220101;PO
451220103;PO
451220199;PO
451220201;PO
451220202;PO
451220203;PO
451220204;PO
451220205;PO
451220206;PO
451220207;PO
451220299;PO
451220900;PO
451229900;PO
451320101;PO
451320102;PO
451320199;PO
451320201;PO
451320202;PO
451320203;PO
451320204;PO
451320205;PO
451320206;PO
451320299;PO
451329900;PO
451420101;PO
451420102;PO
451420199;PO
451420200;PO
451429900;PO
451520000;PO
452110000;PO
452130100;PO
452130200;PO
452130300;PO
452130400;PO
452130500;PO
452130600;PO
452130700;PO
452130800;PO
452130900;PO
452131000;PO
452131100;PO
452139900;PO
452140100;PO
452140200;PO
452140300;PO
452140400;PO
452140500;PO
452140600;PO
452149900;PO
452230000;PO
452240000;PO
452310000;PO
452330100;PO
452330200;PO
452330300;PO
452330400;PO
452339900;PO
452340100;PO
452340200;PO
452340300;PO
452340400;PO
452349900;PO
452350100;PO
452350200;PO
452350300;PO
452350400;PO
452359900;PO
452410000;PO
452430000;PO
452440000;PO
452450000;PO
453110100;PO
453110200;PO
453119900;PO
453210100;PO
453210200;PO
453219900;PO
454119900;PO
455110000;PO
456110000;PO
457130100;PO
457130200;PO
457130300;PO
457130400;PO
457130500;PO
457130600;PO
457139900;PO
457140100;PO
457140200;PO
457140300;PO
457140400;PO
457140500;PO
457140600;PO
457149900;PO
457150100;PO
457150200;PO
457150300;PO
457150400;PO
457150500;PO
457150600;PO
457159900;PO
457210100;PO
457210200;PO
457210300;PO
457210400;PO
457210500;PO
457210600;PO
457219900;PO
458110000;PO
459110100;PO
459119900;PO
459120000;PO
459130000;PO
459140000;PO
459150000;PO
461110101;PO
461110102;PO
461110103;PO
461110104;PO
461110105;PO
461110106;PO
461110107;PO
461110108;PO
461110109;PO
461110110;PO
461110199;PO
461110201;PO
461110202;PO
461110203;PO
461110204;PO
461110205;PO
461110206;PO
461110299;PO
461110300;PO
461110400;PO
461210000;PO
461710800;PO
461910000;PO
462110100;PO
462110200;PO
462110300;PO
462119900;PO
462120000;PO
462210101;PO
462210102;PO
462210103;PO
462210104;PO
462210105;PO
462210107;PO
462210108;PO
462210109;PO
462210110;PO
462210199;PO
462210201;PO
462210202;PO
462210203;PO
462210299;PO
462219701;PO
462219702;PO
462310100;PO
462310200;PO
462310300;PO
462319900;PO
462910000;PO
463110000;PO
463210000;PO
463310000;PO
463410000;PO
463910000;PO
463920000;PO
463930000;PO
463940000;PO
463950000;PO
464110000;PO
464120000;PO
464130000;PO
464140000;PO
464150000;PO
465110100;PO
465110200;PO
465110300;PO
465110500;PO
465119900;PO
465120100;PO
465120200;PO
465120300;PO
465120500;PO
465129900;PO
465130100;PO
465130200;PO
465130300;PO
465130500;PO
465139900;PO
465140100;PO
465140200;PO
465140300;PO
465140500;PO
465149900;PO
465150100;PO
465150200;PO
465150300;PO
465150500;PO
465159900;PO
465210101;PO
465210102;PO
465210103;PO
465210104;PO
465210105;PO
465210106;PO
465210107;PO
465210108;PO
465210109;PO
465210110;PO
465210199;PO
465210201;PO
465210202;PO
465210203;PO
465210204;PO
465210205;PO
465210206;PO
465210299;PO
465210300;PO
465210400;PO
465210500;PO
465310100;PO
465310200;PO
465310300;PO
465310400;PO
465319900;PO
466110101;PO
466110102;PO
466110103;PO
466110104;PO
466110105;PO
466110106;PO
466110107;PO
466110108;PO
466110109;PO
466110110;PO
466110199;PO
466110201;PO
466110202;PO
466110203;PO
466110204;PO
466110205;PO
466110206;PO
466110299;PO
491110100;PO
491119900;PO
491120000;PO
491130000;PO
491140000;PO
491150000;PO
492110000;PO
492120000;PO
492130000;PO
492140000;PO
492150000;PO
492210000;PO
492220000;PO
492230000;PO
492240000;PO
492250000;PO
493110000;PO
493210000;PO
493310000;PO
493410000;PO
493910000;PO
495110000;PO
495120000;PO
495130000;PO
495140000;PO
495150000;PO
497110100;PO
497110200;PO
497110300;PO
497110400;PO
497110500;PO
497110600;PO
497119900;PO
497120000;PO
497130000;PO
497140000;PO
497150000;PO
497210100;PO
497210200;PO
497210300;PO
497219900;PO
497220000;PO
497230000;PO
497240000;PO
497250000;PO
499120000;PO
499130000;PO
499140000;PO
499150000;PO
499230000;PO
499240000;PO
499250000;PO
499310000;PO
499320000;PO
499330000;PO
499340000;PO
499350000;PO
499410000;PO
499420000;PO
499430000;PO
499440000;PO
499450000;PO
499510000;PO
499520000;PO
499530000;PO
499540000;PO
499550000;PO
499610100;PO
499610200;PO
499610300;PO
499620000;PO
499630000;PO
499640000;PO
499650000;PO
499820101;PO
499820102;PO
499820103;PO
499820199;PO
499910000;PO
499920200;PO
499930000;PO
499940000;PO
499950000;PO
511100000;PO
511200000;PO
512110000;PO
512120000;PO
512210000;PO
512220000;PO
521110000;PO;FR;CO;NR
521120101;PO;FR;CO;NR
521120102;PO;FR;CO;NR
521120200;PO;FR;CO;NR
521129900;PO;FR;CO;NR
521190000;PO;FR;CO;NR
521210100;PO;FR;CO;NR
521210200;PO;FR;CO;NR
521210301;PO;FR;CO;NR
521210302;PO;FR;CO;NR
521210400;PO;FR;CO;NR
521219900;PO;FR;CO;NR
521280000;PO;FR;CO;NR
521290000;PO;FR;CO;NR
522110100;PO;FS;FR;CO;ND
522110201;PO;FS;FR;CO;ND
522110209;PO;FS;FR;CO;ND
522119900;PO;FS;FR;CO;ND
522120100;PO;FS;FR;CO;ND
522120201;PO;FS;FR;CO;ND
522120202;PO;FS;FR;CO;ND
522120203;PO;FS;FR;CO;ND
522120301;PO;FS;FR;CO;ND
522120302;PO;FS;FR;CO;ND
522120303;PO;FS;FR;CO;ND
522130100;PO;FS;FR;CO;ND
522130200;PO;FS;FR;CO;ND
522130300;PO;FS;FR;CO;ND
522130400;PO;FS;FR;CO;ND
522130500;PO;FS;FR;CO;ND
522130600;PO;FS;FR;CO;ND
522130700;PO;FS;FR;CO;ND
522130900;PO;FS;FR;CO;ND
522139900;PO;FS;FR;CO;ND
522190101;PO;FS;FR;CO;ND
522190109;PO;FS;FR;CO;ND
522190201;PO;FS;FR;CO;ND
522190209;PO;FS;FR;CO;ND
522190400;PO;FS;FR;CO;ND
522199900;PO;FS;FR;CO;ND
522210100;PO;FS;FR;CO;ND
522210200;PO;FS;FR;CO;ND
522210901;PO;FS;FR;CO;ND
522210909;PO;FS;FR;CO;ND
522219900;PO;FS;FR;CO;ND
522220101;PO;FS;FR;CO;ND
522220109;PO;FS;FR;CO;ND
522220201;PO;FS;FR;CO;ND
522220209;PO;FS;FR;CO;ND
522220901;PO;FS;FR;CO;ND
522220909;PO;FS;FR;CO;ND
522229900;PO;FS;FR;CO;ND
522290100;PO;FS;FR;CO;ND
522290200;PO;FS;FR;CO;ND
522299900;PO;FS;FR;CO;ND
522310000;PO
522910100;PO
522910200;PO
522910300;PO
522920101;PO
522920102;PO
522920103;PO
522920104;PO
522990000;PO
531100000;PO;FS;FR;CO;ND;AI
531200000;PO;FS;FR;CO;ND;AI
531600000;PO;FS;FR;CO;ND;AI
531700000;PO;FS;FR;CO;ND;AI
532100000;PO;FS;FR;CO;ND;AI
532200000;PO;FS;FR;CO;ND;AI
532600000;PO;FS;FR;CO;ND;AI
532700000;PO;FS;FR;CO;ND;AI
611100000;PO
611200000;PO
611300000;PO
611900000;PO
612100000;PO
612200000;PO
612900000;PO
621100000;PO;FR;CO;NR
621200000;PO;FR;CO;NR
621310100;PO;FR;CO;NR
621310200;PO;FR;CO;NR
621320000;PO;FR;CO;NR
621330000;PO;FR;CO;NR
621380000;PO;FR;CO;NR
621390000;PO;FR;CO;NR
621800000;PO;FR;CO;NR
621900000;PO;FR;CO;NR
622110000;PO;FS;FR;CO;ND
622120100;PO;FS;FR;CO;ND
622120200;PO;FS;FR;CO;ND
622129900;PO;FS;FR;CO;ND
622130100;PO;FS;FR;CO;ND
622130200;PO;FS;FR;CO;ND
622130300;PO;FS;FR;CO;ND
622130400;PO;FS;FR;CO;ND
622130500;PO;FS;FR;CO;ND
622130600;PO;FS;FR;CO;ND
622130700;PO;FS;FR;CO;ND
622210100;PO;FS;FR;CO;ND
622210200;PO;FS;FR;CO;ND
622210901;PO;FS;FR;CO;ND
622210909;PO;FS;FR;CO;ND
622219900;PO;FS;FR;CO;ND
622220101;PO;FS;FR;CO;ND
622220201;PO;FS;FR;CO;ND
622220901;PO;FS;FR;CO;ND
622220909;PO;FS;FR;CO;ND
622229900;PO;FS;FR;CO;ND
622290000;PO;FS;FR;CO;ND
622310000;PO;FS;FR;CO;ND
622800000;PO;FS;FR;CO;ND
622910100;PO
622910200;PO
622910300;PO
622920101;PO
622920102;PO
622920103;PO
622920104;PO
622920900;PO
622990000;PO
631100000;PO;FS;FR;CO;ND;AI
631200000;PO;FS;FR;CO;ND;AI
631300000;PO;FS;FR;CO;ND;AI
631400000;PO;FS;FR;CO;ND;AI
631500000;PO;FS;FR;CO;ND;AI
631600000;PO;FS;FR;CO;ND;AI
631710000;PO;FS;FR;CO;ND;AI
631720000;PO;FS;FR;CO;ND;AI
631910000;PO;FS;FR;CO;ND;AI
631990000;PO;FS;FR;CO;ND;AI
632100000;PO;FS;FR;CO;ND;AI
632200000;PO;FS;FR;CO;ND;AI
632600000;PO;FS;FR;CO;ND;AI
632700000;PO;FS;FR;CO;ND;AI
632910000;PO;FS;FR;CO;ND;AI
632990000;PO;FS;FR;CO;ND;AI
711110101;PO
711110102;PO
711110103;PO
711110104;PO
711110105;PO
711110106;PO
711110107;PO
711110108;PO
711110199;PO
711110201;PO
711110202;PO
711110203;PO
711110204;PO
711110205;PO
711110206;PO
711110207;PO
711110208;PO
711110299;PO
711110301;PO
711110302;PO
711110303;PO
711110399;PO
711110401;PO
711110402;PO
711110403;PO
711110499;PO
711120101;PO
711120102;PO
711120103;PO
711120104;PO
711120105;PO
711120106;PO
711120107;PO
711120108;PO
711120199;PO
711120201;PO
711120202;PO
711120203;PO
711120204;PO
711120205;PO
711120206;PO
711120207;PO
711120208;PO
711120299;PO
711120301;PO
711120302;PO
711120303;PO
711120399;PO
711120401;PO
711120402;PO
711120403;PO
711120404;PO
711130101;PO
711130102;PO
711130103;PO
711130104;PO
711130105;PO
711130106;PO
711130107;PO
711130108;PO
711130199;PO
711130201;PO
711130202;PO
711130203;PO
711130204;PO
711130205;PO
711130206;PO
711130207;PO
711130208;PO
711130299;PO
711130301;PO
711130302;PO
711130303;PO
711130399;PO
711130401;PO
711130402;PO
711130403;PO
711130499;PO
711140101;PO
711140102;PO
711140103;PO
711140104;PO
711140105;PO
711140106;PO
711140107;PO
711140108;PO
711140199;PO
711140201;PO
711140202;PO
711140203;PO
711140204;PO
711140205;PO
711140206;PO
711140207;PO
711140208;PO
711140299;PO
711140301;PO
711140302;PO
711140303;PO
711140399;PO
711140401;PO
711140402;PO
711140403;PO
711140499;PO
711150101;PO
711150102;PO
711150103;PO
711150104;PO
711150105;PO
711150106;PO
711150107;PO
711150108;PO
711150199;PO
711150201;PO
711150202;PO
711150203;PO
711150204;PO
711150205;PO
711150206;PO
711150207;PO
711150208;PO
711150299;PO
711150301;PO
711150302;PO
711150303;PO
711150399;PO
711150401;PO
711150402;PO
711150403;PO
711150499;PO
711210100;PO
711210200;PO
711219900;PO
711220000;PO
711230000;PO
711240000;PO
711250000;PO
711310100;PO
711310200;PO
711310300;PO
711310400;PO
711310500;PO
711310800;PO
711311200;PO
711311300;PO
711319900;PO
711320000;PO
711330000;PO
711340000;PO
711350000;PO
711410000;PO
711420000;PO
711430000;PO
711440000;PO
711450000;PO
711910000;PO
711920000;PO
711930000;PO
711940000;PO
711950000;PO
712110101;PO
712110102;PO
712110103;PO
712110104;PO
712110105;PO
712110106;PO
712110107;PO
712110199;PO
712110201;PO
712110202;PO
712110203;PO
712110204;PO
712110205;PO
712110206;PO
712110299;PO
712110301;PO
712110302;PO
712110303;PO
712110304;PO
712110401;PO
712110402;PO
712110403;PO
712110499;PO
712120101;PO
712120102;PO
712120103;PO
712120104;PO
712120105;PO
712120106;PO
712120107;PO
712120199;PO
712120201;PO
712120202;PO
712120203;PO
712120204;PO
712120205;PO
712120206;PO
712120299;PO
712120301;PO
712120302;PO
712120303;PO
712120399;PO
712120401;PO
712120402;PO
712120403;PO
712120499;PO
712130101;PO
712130102;PO
712130103;PO
712130104;PO
712130105;PO
712130106;PO
712130107;PO
712130199;PO
712130201;PO
712130202;PO
712130203;PO
712130204;PO
712130205;PO
712130206;PO
712130299;PO
712130301;PO
712130302;PO
712130303;PO
712130399;PO
712130401;PO
712130402;PO
712130403;PO
712130499;PO
712140101;PO
712140102;PO
712140103;PO
712140104;PO
712140105;PO
712140106;PO
712140107;PO
712140199;PO
712140201;PO
712140202;PO
712140203;PO
712140204;PO
712140205;PO
712140206;PO
712140299;PO
712140301;PO
712140302;PO
712140303;PO
712140399;PO
712140401;PO
712140402;PO
712140403;PO
712140499;PO
712150101;PO
712150102;PO
712150103;PO
712150104;PO
712150105;PO
712150106;PO
712150107;PO
712150199;PO
712150201;PO
712150202;PO
712150203;PO
712150204;PO
712150205;PO
712150206;PO
712150299;PO
712150301;PO
712150302;PO
712150303;PO
712150399;PO
712150401;PO
712150402;PO
712150403;PO
712150499;PO
712210100;PO
712210200;PO
712219900;PO
712220000;PO
712230000;PO
712240000;PO
712250000;PO
712310100;PO
712310200;PO
712310300;PO
712310400;PO
712310500;PO
712310600;PO
712310700;PO
712310801;PO
712310802;PO
712310803;PO
712310899;PO
712310900;PO
712311000;PO
712311100;PO
712311200;PO
712311300;PO
712319900;PO
712320000;PO
712330000;PO
712340000;PO
712350000;PO
712410000;PO
712420000;PO
712430000;PO
712440000;PO
712450000;PO
712910000;PO
712920000;PO
712930000;PO
712940000;PO
712950000;PO
721110000;PO;FR;CO
721120000;PO;FR;CO
721130000;PO;FR;CO
721140000;PO;FR;CO
721190000;PO;FR;CO
721200000;PO;FR;CO
721300000;PO;FR;CO
721900000;PO;FR;CO
722110100;PO
722110200;PO
722119900;PO
722120100;PO
722129900;PO
722190000;PO
722900000;PO
723000000;PO
724000000;PO
731110100;PO
731110200;PO
731110300;PO
731119900;PO
731120100;PO
732110000;PO
732120000;PO
732190000;PO
741110000;PO
741120000;PO
741130000;PO
741140000;PO
741150000;PO
741190000;PO
742110000;PO
742120000;PO
742130000;PO
742140000;PO
752000000;PO
753100000;PO;FS;FR;CO;ND
753200000;PO;FS;FR;CO;ND
753300000;PO;FS;FR;CO;ND
753400000;PO;FS;FR;CO;ND
753500000;PO;FR;CO
753600000;PO;FR;CO
753700000;PO;FR;CO
761100000;PO
761200000;PO
761300000;PO
761900000;PO
762000000;PO
763100000;PO
763200000;PO
763300000;PO
764100000;PO
764200000;PO
764600000;PO
764700000;PO
780000000;PO
791110000;PO
791120000;PO
791130000;PO
791140000;PO
791150000;PO
791190000;PO
791210000;PO
791220000;PO
791240000;PO
791250000;PO
791290000;PO
792000000;PO
795110000;PO
795120000;PO
799000000;PO
811110101;PO
811110102;PO
811110103;PO
811110104;PO
811110105;PO
811110106;PO
811110107;PO
811110108;PO
811110109;PO
811110110;PO
811110111;PO
811110112;PO
811110113;PO
811110114;PO
811110115;PO
811110116;PO
811110198;PO
811110199;PO
811110201;PO
811110202;PO
811110203;PO
811110204;PO
811110205;PO
811110206;PO
811110207;PO
811110208;PO
811110209;PO
811110210;PO
811110211;PO
811110212;PO
811110213;PO
811110214;PO
811110215;PO
811110216;PO
811110298;PO
811110299;PO
811110301;PO
811110302;PO
811110303;PO
811110304;PO
811110305;PO
811110306;PO
811110398;PO
811110399;PO
811110401;PO
811110402;PO
811110403;PO
811110404;PO
811110405;PO
811110406;PO
811110498;PO
811110499;PO
811120101;PO
811120102;PO
811120103;PO
811120104;PO
811120105;PO
811120106;PO
811120107;PO
811120108;PO
811120109;PO
811120110;PO
811120111;PO
811120112;PO
811120113;PO
811120114;PO
811120115;PO
811120116;PO
811120198;PO
811120199;PO
811120201;PO
811120202;PO
811120203;PO
811120204;PO
811120205;PO
811120206;PO
811120207;PO
811120208;PO
811120209;PO
811120210;PO
811120211;PO
811120212;PO
811120213;PO
811120214;PO
811120215;PO
811120216;PO
811120298;PO
811120299;PO
811120301;PO
811120302;PO
811120303;PO
811120304;PO
811120305;PO
811120306;PO
811120398;PO
811120399;PO
811120401;PO
811120402;PO
811120403;PO
811120404;PO
811120405;PO
811120406;PO
811120498;PO
811120499;PO
811130101;PO
811130102;PO
811130103;PO
811130104;PO
811130105;PO
811130106;PO
811130107;PO
811130108;PO
811130109;PO
811130110;PO
811130111;PO
811130112;PO
811130113;PO
811130114;PO
811130115;PO
811130116;PO
811130198;PO
811130199;PO
811130201;PO
811130202;PO
811130203;PO
811130204;PO
811130205;PO
811130206;PO
811130207;PO
811130208;PO
811130209;PO
811130210;PO
811130211;PO
811130212;PO
811130213;PO
811130214;PO
811130215;PO
811130216;PO
811130298;PO
811130299;PO
811130301;PO
811130302;PO
811130303;PO
811130304;PO
811130305;PO
811130306;PO
811130398;PO
811130399;PO
811130401;PO
811130402;PO
811130403;PO
811130404;PO
811130405;PO
811130406;PO
811130498;PO
811130499;PO
811140101;PO
811140102;PO
811140103;PO
811140104;PO
811140105;PO
811140106;PO
811140107;PO
811140108;PO
811140109;PO
811140110;PO
811140111;PO
811140112;PO
811140113;PO
811140114;PO
811140115;PO
811140116;PO
811140198;PO
811140199;PO
811140201;PO
811140202;PO
811140203;PO
811140204;PO
811140205;PO
811140206;PO
811140207;PO
811140208;PO
811140209;PO
811140210;PO
811140211;PO
811140212;PO
811140213;PO
811140214;PO
811140215;PO
811140216;PO
811140298;PO
811140299;PO
811140301;PO
811140302;PO
811140303;PO
811140304;PO
811140305;PO
811140306;PO
811140398;PO
811140399;PO
811140401;PO
811140402;PO
811140403;PO
811140404;PO
811140405;PO
811140406;PO
811140498;PO
811140499;PO
811150101;PO
811150102;PO
811150103;PO
811150104;PO
811150105;PO
811150106;PO
811150107;PO
811150108;PO
811150109;PO
811150110;PO
811150111;PO
811150112;PO
811150113;PO
811150114;PO
811150115;PO
811150116;PO
811150198;PO
811150199;PO
811150201;PO
811150202;PO
811150203;PO
811150204;PO
811150205;PO
811150206;PO
811150207;PO
811150208;PO
811150209;PO
811150210;PO
811150211;PO
811150212;PO
811150213;PO
811150214;PO
811150215;PO
811150216;PO
811150298;PO
811150299;PO
811150301;PO
811150302;PO
811150303;PO
811150304;PO
811150305;PO
811150306;PO
811150398;PO
811150399;PO
811150401;PO
811150402;PO
811150403;PO
811150404;PO
811150405;PO
811150406;PO
811150498;PO
811150499;PO
811210101;PO
811210102;PO
811210103;PO
811210104;PO
811210105;PO
811210106;PO
811210107;PO
811210108;PO
811210109;PO
811210110;PO
811210111;PO
811210112;PO
811210199;PO
811210201;PO
811210202;PO
811210203;PO
811210204;PO
811210205;PO
811210206;PO
811210207;PO
811210208;PO
811210209;PO
811210210;PO
811210299;PO
811219901;PO
811219902;PO
811219903;PO
811219904;PO
811219905;PO
811219906;PO
811219907;PO
811219908;PO
811219909;PO
811219910;PO
811219999;PO
811220000;PO
811230000;PO
811240000;PO
811250000;PO
811310101;PO
811310102;PO
811310201;PO
811310202;PO
811310301;PO
811310302;PO
811310401;PO
811310402;PO
811310501;PO
811310502;PO
811310801;PO
811310802;PO
811310803;PO
811311201;PO
811311202;PO
811311203;PO
811311301;PO
811311302;PO
811311303;PO
811319901;PO
811319902;PO
811319903;PO
811320000;PO
811330000;PO
811340000;PO
811350000;PO
811410000;PO
811420000;PO
811430000;PO
811440000;PO
811450000;PO
811910000;PO
811920000;PO
811930000;PO
811940000;PO
811950000;PO
812110101;PO
812110103;PO
812110104;PO
812110106;PO
812110107;PO
812110109;PO
812110110;PO
812110112;PO
812110113;PO
812110115;PO
812110116;PO
812110118;PO
812110119;PO
812110121;PO
812110122;PO
812110123;PO
812110201;PO
812110203;PO
812110204;PO
812110206;PO
812110207;PO
812110209;PO
812110210;PO
812110212;PO
812110213;PO
812110215;PO
812110216;PO
812110218;PO
812110219;PO
812110221;PO
812110301;PO
812110303;PO
812110304;PO
812110306;PO
812110307;PO
812110309;PO
812110310;PO
812110312;PO
812110401;PO
812110403;PO
812110404;PO
812110406;PO
812110407;PO
812110409;PO
812110410;PO
812110412;PO
812120101;PO
812120103;PO
812120104;PO
812120106;PO
812120107;PO
812120109;PO
812120110;PO
812120112;PO
812120113;PO
812120115;PO
812120116;PO
812120118;PO
812120119;PO
812120121;PO
812120122;PO
812120123;PO
812120201;PO
812120203;PO
812120204;PO
812120206;PO
812120207;PO
812120209;PO
812120210;PO
812120212;PO
812120213;PO
812120215;PO
812120216;PO
812120218;PO
812120219;PO
812120221;PO
812120301;PO
812120303;PO
812120304;PO
812120306;PO
812120307;PO
812120309;PO
812120310;PO
812120312;PO
812120401;PO
812120403;PO
812120404;PO
812120406;PO
812120407;PO
812120409;PO
812120410;PO
812120412;PO
812130101;PO
812130103;PO
812130104;PO
812130106;PO
812130107;PO
812130109;PO
812130110;PO
812130112;PO
812130113;PO
812130115;PO
812130116;PO
812130118;PO
812130119;PO
812130121;PO
812130122;PO
812130123;PO
812130201;PO
812130203;PO
812130204;PO
812130206;PO
812130207;PO
812130209;PO
812130210;PO
812130212;PO
812130213;PO
812130215;PO
812130216;PO
812130218;PO
812130219;PO
812130221;PO
812130301;PO
812130303;PO
812130304;PO
812130306;PO
812130307;PO
812130309;PO
812130310;PO
812130312;PO
812130401;PO
812130403;PO
812130404;PO
812130406;PO
812130407;PO
812130409;PO
812130410;PO
812130412;PO
812140101;PO
812140103;PO
812140104;PO
812140106;PO
812140107;PO
812140109;PO
812140110;PO
812140112;PO
812140113;PO
812140115;PO
812140116;PO
812140118;PO
812140119;PO
812140121;PO
812140122;PO
812140123;PO
812140201;PO
812140203;PO
812140204;PO
812140206;PO
812140207;PO
812140209;PO
812140210;PO
812140212;PO
812140213;PO
812140215;PO
812140216;PO
812140218;PO
812140219;PO
812140221;PO
812140301;PO
812140303;PO
812140304;PO
812140306;PO
812140307;PO
812140309;PO
812140310;PO
812140312;PO
812140401;PO
812140403;PO
812140404;PO
812140406;PO
812140407;PO
812140409;PO
812140410;PO
812140412;PO
812150101;PO
812150103;PO
812150104;PO
812150106;PO
812150107;PO
812150109;PO
812150110;PO
812150112;PO
812150113;PO
812150115;PO
812150116;PO
812150118;PO
812150119;PO
812150121;PO
812150122;PO
812150123;PO
812150201;PO
812150203;PO
812150204;PO
812150206;PO
812150207;PO
812150209;PO
812150210;PO
812150212;PO
812150213;PO
812150215;PO
812150216;PO
812150218;PO
812150219;PO
812150221;PO
812150301;PO
812150303;PO
812150304;PO
812150306;PO
812150307;PO
812150309;PO
812150310;PO
812150312;PO
812150401;PO
812150403;PO
812150404;PO
812150406;PO
812150407;PO
812150409;PO
812150410;PO
812150412;PO
812210101;PO
812210102;PO
812210103;PO
812210104;PO
812210105;PO
812210106;PO
812210107;PO
812210108;PO
812210109;PO
812210110;PO
812210111;PO
812210112;PO
812210199;PO
812210201;PO
812210202;PO
812210203;PO
812210204;PO
812210205;PO
812210206;PO
812210207;PO
812210208;PO
812210209;PO
812210210;PO
812210299;PO
812219901;PO
812219902;PO
812219903;PO
812219904;PO
812219905;PO
812219906;PO
812219907;PO
812219908;PO
812219909;PO
812219910;PO
812219999;PO
812220000;PO
812230000;PO
812240000;PO
812250000;PO
812310101;PO
812310102;PO
812310201;PO
812310202;PO
812310301;PO
812310302;PO
812310401;PO
812310402;PO
812310501;PO
812310502;PO
812310601;PO
812310602;PO
812310701;PO
812310702;PO
812310801;PO
812310802;PO
812310803;PO
812310804;PO
812310805;PO
812310806;PO
812310901;PO
812310902;PO
812310903;PO
812311001;PO
812311002;PO
812311003;PO
812311004;PO
812311005;PO
812311006;PO
812311007;PO
812311008;PO
812311009;PO
812311010;PO
812311101;PO
812311102;PO
812311103;PO
812311104;PO
812311105;PO
812311106;PO
812311107;PO
812311108;PO
812311109;PO
812311110;PO
812311201;PO
812311202;PO
812311203;PO
812311301;PO
812311302;PO
812311303;PO
812319901;PO
812319902;PO
812319903;PO
812320000;PO
812330000;PO
812340000;PO
812350000;PO
812410000;PO
812420000;PO
812430000;PO
812440000;PO
812450000;PO
812910000;PO
812920000;PO
812930000;PO
812940000;PO
812950000;PO
821110100;PO;FR;CO
821110200;PO;FR;CO
821119900;PO;FR;CO
821120100;PO;FR;CO
821120200;PO;FR;CO
821129900;PO;FR;CO
821130100;PO;FR;CO
821130200;PO;FR;CO
821130300;PO;FR;CO
821130400;PO;FR;CO
821139900;PO;FR;CO
821140100;PO;FR;CO
821140200;PO;FR;CO
821140300;PO;FR;CO
821140400;PO;FR;CO
821140500;PO;FR;CO
821149900;PO;FR;CO
821150000;PO;FR;CO
821190000;PO;FR;CO
821200000;PO;FR;CO
821300000;PO;FR;CO
821900000;PO;FR;CO
822110101;PO
822110102;PO
822110103;PO
822110104;PO
822110201;PO
822110202;PO
822110203;PO
822110204;PO
822119900;PO
822120101;PO
822120102;PO
822129900;PO
822190000;PO
822900000;PO
823000000;PO
824000000;PO
831110100;PO
831110200;PO
831110300;PO
831119900;PO
831120100;PO
831210100;PO
831210200;PO
831210300;PO
831219900;PO
831220100;PO
831310100;PO
831310200;PO
831310300;PO
831319900;PO
831320100;PO
831410100;PO
831410200;PO
831410300;PO
831419900;PO
831420100;PO
832110000;PO
832120000;PO
832210000;PO
832220000;PO
832310100;PO
832310200;PO
832319900;PO
832320100;PO
832320200;PO
832329900;PO
832410100;PO
832410200;PO
832419900;PO
832420100;PO
832420200;PO
832429900;PO
832510100;PO
832510200;PO
832519900;PO
832520100;PO
832520200;PO
832529900;PO
832900000;PO
841110000;PO
841120000;PO
841130000;PO
841140000;PO
841150000;PO
841190000;PO
841210000;PO
841220000;PO
841230000;PO
841240000;PO
841250000;PO
841290000;PO
841900000;PO
842110000;PO
842120000;PO
842130000;PO
842140000;PO
842200000;PO
842900000;PO
852100000;PO
852200000;PO
852300000;PO
852400000;PO
852500000;PO
852600000;PO
852900000;PO
853100000;PO;FS;FR;CO;ND
853210000;PO;FS;FR;CO;ND
853220000;PO;FS;FR;CO;ND
853230000;PO;FS;FR;CO;ND
853240000;PO;FS;FR;CO;ND
853250000;PO;FS;FR;CO;ND
853260000;PO;FS;FR;CO;ND
853270000;PO;FS;FR;CO;ND
853310000;PO;FS;FR;CO;ND
853320000;PO;FS;FR;CO;ND
853330000;PO;FS;FR;CO;ND
853340000;PO;FS;FR;CO;ND
853350000;PO;FS;FR;CO;ND
853360000;PO;FS;FR;CO;ND
853370000;PO;FS;FR;CO;ND
853380000;PO;FS;FR;CO;ND
853410000;PO;FS;FR;CO;ND
853420000;PO;FS;FR;CO;ND
853430000;PO;FS;FR;CO;ND
853440000;PO;FS;FR;CO;ND
853450000;PO;FS;FR;CO;ND
853500000;PO;FR;CO
853600000;PO;FR;CO
853700000;PO;FR;CO
861110100;PO
861110200;PO
861110300;PO
861110400;PO
861110500;PO
861110600;PO
861119900;PO
861120100;PO
861120200;PO
861120300;PO
861120400;PO
861120500;PO
861120600;PO
861129900;PO
861210100;PO
861219900;PO
861220100;PO
861229900;PO
861310100;PO
861320100;PO
861910100;PO
861910200;PO
861920100;PO
861920200;PO
862000000;PO
863110100;PO
863110200;PO
863110300;PO
863120100;PO
863120200;PO
863120300;PO
863140000;PO
863150101;PO
863150102;PO
863150103;PO
863150199;PO
863150200;PO
863159900;PO
863210000;PO
863220000;PO
863310000;PO
863320000;PO
864110000;PO
864120000;PO
864130000;PO
864190000;PO
864210101;PO
864210102;PO
864210103;PO
864210104;PO
864210105;PO
864210106;PO
864210107;PO
864210199;PO
864210201;PO
864210202;PO
864210203;PO
864210204;PO
864210205;PO
864210206;PO
864210207;PO
864210299;PO
864219901;PO
864219902;PO
864219903;PO
864219904;PO
864219905;PO
864219906;PO
864219907;PO
864219999;PO
864220000;PO
864230000;PO
864290000;PO
864610000;PO
864620000;PO
864630000;PO
864690000;PO
864710000;PO
864720000;PO
864730000;PO
864790000;PO
880000000;PO
891110000;PO
891120000;PO
891140100;PO
891140200;PO
891150100;PO
891150200;PO
891190000;PO
891210100;PO
891210200;PO
891210300;PO
891210400;PO
891210500;PO
891210600;PO
891219900;PO
891220100;PO
891220200;PO
891240100;PO
891240200;PO
891250100;PO
891250200;PO
891290000;PO
892100000;PO
892200000;PO
892300000;PO
892400000;PO
892500000;PO
892600000;PO
892700000;PO
892800000;PO
892910100;PO
892910200;PO
892910400;PO
892910500;PO
892910600;PO
892919900;PO
895110000;PO
895120000;PO
899000000;PO